,ride_id,driver_id,total_assigned
0,78TN7S,2869108,1
1,78RD6L,2869204,99
2,797G7D,2869278,11
3,78B3SO,2870173,285
4,7.97E+10,2886584,189
5,78BLRR,2894871,131
6,78G1S1,2894948,358
7,78MQML,2895351,118
8,78A5GR,2895434,1
9,79ACT7,2895664,13
10,7952M3,2897073,4
11,78IRO1,2903228,9
12,78D7TK,2904200,6
13,78FK58,2905099,12
14,78S71R,2907066,1
15,78JHMT,2912701,27
16,78D49D,2913912,159
17,78FQIH,2914830,9
18,793NHK,2915025,67
19,78C312,2922157,26
20,78J6JP,2925573,5
21,78CDQ4,2926142,144
22,78EQN6,2926170,224
23,78ANGE,2926571,3
24,78OPTQ,2926841,67
25,79B20A,2927397,5
26,790L11,2927864,6
27,78LDNB,2928430,10
28,78OD74,2928777,172
29,790OKJ,2929660,14
30,78J8CB,2930265,22
31,78ACTG,2930333,127
32,78B3P3,2930508,5
33,78JDRL,2930589,6
34,7951D7,2930590,39
35,795LS0,2931334,17
36,78QGSR,2931517,109
37,78L6PB,2931643,3
38,78IEEB,2931665,111
39,78TL88,2931712,314
40,78FBR4,2932118,7
41,78OSTN,2932585,24
42,78GA7O,2932747,51
43,78AR5G,2932850,1
44,78OIPG,2935294,68
45,7974FD,2935390,24
46,78GMO3,2936464,58
47,78C01O,2937666,178
48,78PQGG,2938121,94
49,78Q6BH,2939625,5
50,78B6PA,2939767,128
51,7900F4,2939921,20
52,78B72M,2940018,28
53,78JDTA,2940519,264
54,78CQL5,2940838,125
55,78M3BD,2942692,1
56,7921S1,2944084,22
57,7905M0,2948984,6
58,78R2LA,2949302,76
59,78QRLI,2950226,190
60,794KCF,2950334,82
61,78CJ2A,2950628,57
62,799MPK,2955278,2
63,78BE7B,2955357,38
64,78D56M,2955461,23
65,799LBL,2955780,8
66,78DCQ9,2956093,33
67,798G5B,2957882,143
68,796EPD,2962047,56
69,79AKEM,2969091,2
70,78ANT3,2969346,76
71,78MAH5,2970452,29
72,78SKTT,2971035,17
73,78TMR6,2974881,167
74,78OMT0,2974966,318
75,78THSO,2983535,42
76,790K49,2991424,11
77,78TB2M,2998385,25
78,78QSF1,3000526,1
79,794PQF,3001706,13
80,78A9A2,3019419,77
81,78R6AK,3020326,30
82,78QPNQ,3023513,94
83,78RAHI,3029907,1
84,796IED,3040004,17
85,78CBJ4,3043866,3
86,78HM2B,3045120,47
87,78HTLK,3051229,1
88,78I1RH,3054217,4
89,78J69C,3058127,14
90,78CSMQ,3060896,213
91,78FL3K,3067864,25
92,78PFMG,3070639,22
93,78LMEF,3072522,55
94,78FS6G,3074335,4
95,78IFPK,3075330,2
96,790QP0,3075427,4
97,78LPLE,3075437,87
98,78G0SF,3086743,8
99,78CMEP,3089358,40
100,78AC5Q,3090872,371
101,7905LQ,3094498,1
102,794M11,3096059,1
103,78FK7I,3096858,31
104,78AR4F,3106843,1
105,790GE2,3109035,83
106,7918D3,3109117,76
107,78R655,3110182,208
108,78RJEK,3112556,14
109,78BSI6,3119416,129
110,78TR6L,3119763,54
111,78E3RD,3120350,29
112,78C443,3132746,20
113,78M198,3132920,110
114,78DP7E,3143007,214
115,78D8D0,3145120,58
116,78MRFH,3153368,45
117,78C6QS,3160469,64
118,78AB05,3173877,2
119,78QB3O,3174270,12
120,792K69,3174762,30
121,791Q4D,3177171,30
122,78ESPN,3189411,97
123,78OCOO,3195850,70
124,78F0TO,3196540,14
125,78EPEG,3201165,7
126,78CM1F,3203592,91
127,78LNM3,3207543,9
128,78G50A,3212558,9
129,796OLK,3218143,368
130,78R22D,3218204,6
131,78D2MH,3226970,107
132,78BBEB,3227153,59
133,78HSG2,3229626,8
134,78L2HF,3231684,26
135,78HI1D,3243390,336
136,78BN2T,3243415,385
137,78JP52,3246262,1
138,78CGT9,3252143,203
139,78BETP,3255380,3
140,78QHO6,3299607,74
141,78JO54,3313965,3
142,79003I,3321615,151
143,7963S7,3335707,1
144,78PMBN,3343921,88
145,78KL5S,3344762,60
146,78OAAP,3345345,8
147,78DQOG,3346396,14
148,78T3D5,3349614,29
149,791436,3350754,20
150,78CNDG,3353278,91
151,78A604,3355215,147
152,78TTFF,3355609,42
153,78RTLH,3358770,38
154,78MHI2,3358941,55
155,78QEID,3359317,1
156,7903K4,3359321,5
157,78H47O,3360115,3
158,78R2L9,3360438,59
159,796TD0,3361083,1
160,78A6L4,3361417,19
161,78N3BB,3362531,19
162,78EJCG,3367068,243
163,78NL6L,3367258,56
164,78LKGK,3369332,77
165,78RKGA,3370384,43
166,78GMCQ,3377506,12
167,78L0A8,3379506,97
168,78GT5N,3393179,25
169,79A9RG,3393833,1
170,78O9GP,3394291,1
171,78BG4I,3394918,173
172,78G1S1,3399291,95
173,78P6H6,3399348,69
174,7939NB,3399525,101
175,78DAE8,3399647,4
176,78CP7E,3401681,191
177,794KCT,3402457,55
178,7955JK,3415421,31
179,796FEP,3419580,240
180,796NJC,3419881,7
181,78BHNE,3421197,55
182,78A6T1,3421486,80
183,78C239,3422046,2
184,78PHT1,3422168,117
185,78P9G8,3424125,55
186,78ALB8,3427546,13
187,78JO92,3433573,69
188,78CJBS,3434085,17
189,78OD74,3434940,80
190,78FKL1,3435189,227
191,7903JR,3437386,30
192,78EE6M,3439779,40
193,78GENQ,3439844,55
194,78T026,3442931,146
195,798PHG,3446102,48
196,78F5HH,3448655,53
197,797PQ6,3450291,18
198,78TGA4,3452494,16
199,797H4S,3452591,66
200,78BTIL,3459818,108
201,78CLF1,3463493,71
202,795KC6,3466729,48
203,7954GI,3466810,1
204,78J48D,3474657,71
205,78MJN3,3475104,38
206,78G2KE,3475591,24
207,78OA37,3475644,11
208,78D29C,3475712,301
209,78MCQF,3475860,44
210,78NB20,3475872,23
211,793RSH,3477129,29
212,78TMR6,3481158,149
213,78BO2K,3500029,14
214,78MNFQ,3500720,117
215,78D1EM,3501167,1
216,78LTBE,3501304,34
217,78BK3O,3515767,4
218,78NTKP,3520711,61
219,790RFM,3521193,45
220,78QTQ2,3525400,34
221,78C7EC,3527160,144
222,790028,3539539,6
223,78P23O,3550359,155
224,797HIN,3564741,25
225,78GHEF,3585253,5
226,78F51O,3586058,3
227,78GA8H,3589235,82
228,798OF2,3593600,99
229,78R20M,3598539,35
230,799K7M,3599413,2
231,78TQ9L,3600155,3
232,7986KK,3601147,1
233,798KA8,3601475,1
234,78S4TC,3601722,110
235,78D2I0,3609933,162
236,78FNNN,3612212,24
237,78EQDL,3612345,102
238,7971P8,3612746,4
239,78M2G5,3613245,138
240,78SDOH,3620117,34
241,78CP7E,3620819,67
242,78B8B2,3623101,46
243,7997IS,3626282,34
244,78R6P6,3626473,6
245,78N2GL,3626667,16
246,78CA0C,3626950,201
247,791A2N,3633112,29
248,798PHG,3633295,21
249,790O11,3633962,1
250,799P03,3634169,6
251,7952PI,3634447,104
252,78B230,3635024,28
253,78R9EP,3635071,44
254,78CQFO,3636333,2
255,78LPLE,3636342,80
256,78F8HM,3636427,3
257,799T7H,3637101,77
258,78H5RI,3637339,99
259,78AE8A,3638440,28
260,78N1OA,3638664,175
261,78CSMQ,3644399,49
262,78ON83,3644456,44
263,78CT9O,3645038,135
264,78L81T,3646787,76
265,78D7FM,3646812,234
266,78DQ1K,3648810,52
267,78G7SB,3664897,3
268,7906PM,3666461,2
269,78TK6A,3668173,6
270,78DFL2,3668460,53
271,794095,3670054,41
272,78MP15,3670561,65
273,796B7D,3670582,9
274,78GFM6,3678744,182
275,78D69P,3681569,158
276,7954TG,3681964,130
277,78LBD2,3683496,17
278,78K1GE,3688501,16
279,78A5R1,3688728,8
280,799G41,3688957,36
281,78J8KC,3691025,14
282,790BN6,3694253,24
283,78PM8O,3694390,36
284,78GECM,3695674,228
285,78DTCO,3696613,4
286,78BAR3,3697004,36
287,79A879,3698085,57
288,78E1Q9,3698459,131
289,78C983,3700536,41
290,78CL0P,3707646,222
291,78DPSF,3708560,10
292,78T3DC,3709535,3
293,791QS7,3709813,109
294,78DPHL,3717125,62
295,78M7TD,3717245,128
296,78KPGN,3718226,67
297,78SQJT,3718344,92
298,79100O,3733395,80
299,78G03E,3735097,1
300,78TT11,3735534,83
301,78MOOM,3736211,64
302,798FDD,3736339,1
303,78HM2B,3738000,132
304,796MB0,3744351,6
305,78BELJ,3744385,33
306,790JM3,3751540,5
307,793K9K,3751543,159
308,78AD7D,3751566,31
309,78KI4H,3751577,188
310,78HD6T,3754089,1
311,78KF2J,3754179,105
312,78B7MS,3754231,50
313,798LCQ,3754931,14
314,798R2D,3757071,3
315,78KSRI,3757725,3
316,78B57I,3758181,48
317,78BL1O,3762058,197
318,78OQQ0,3762069,217
319,78FSSB,3762149,180
320,78JF6H,3765017,19
321,7934QM,3771362,55
322,78PHK0,3772692,97
323,79846E,3774336,2
324,78T166,3782398,8
325,78AS6L,3785380,18
326,78P28I,3798866,29
327,798SQC,3799146,3
328,78OLEA,3799690,3
329,7922J4,3801157,44
330,78BAR3,3801331,25
331,795CIG,3801831,5
332,78MA78,3804886,163
333,78J8F8,3805767,2
334,796H8I,3809880,2
335,78LCR7,3809961,45
336,78A76F,3810107,64
337,796SNE,3810589,32
338,78BTQO,3812868,1
339,78BRP2,3812874,10
340,78SPPQ,3813528,201
341,78R7OI,3813743,33
342,78PD1K,3819610,5
343,78DSR8,3820180,1
344,78H1DR,3820335,117
345,78B79A,3820817,5
346,78BC46,3820852,93
347,79AIN3,3820991,96
348,78GENQ,3821690,232
349,78RK1D,3823863,42
350,798O7Q,3826983,1
351,78MO19,3827325,63
352,78JOE7,3827930,4
353,78CH5J,3832175,112
354,78BKPM,3832925,57
355,78R5HR,3834479,15
356,792J1J,3837162,189
357,78MAJL,3838783,32
358,78H1DR,3838939,20
359,78KQ2E,3840723,16
360,78CORQ,3842575,74
361,78D3TR,3849192,174
362,79824H,3849877,33
363,78J0M8,3850962,114
364,78DSJM,3853534,1
365,78ATLJ,3854963,260
366,78GH6E,3864586,220
367,78PG7J,3865589,289
368,79BCIQ,3867133,12
369,7927R0,3867244,1
370,78BMJA,3868092,106
371,78COC3,3868681,1
372,790DA9,3868775,16
373,78BJEC,3870107,39
374,78RLLO,3875915,7
375,78PPB0,3876169,3
376,78BD9Q,3876324,108
377,78A9A2,3876597,24
378,78JDMA,3876668,419
379,78G6GO,3876827,127
380,78KKC0,3878003,104
381,78IMBS,3879271,2
382,78DPMC,3883737,20
383,798RD2,3884100,19
384,78LRB9,3886324,144
385,78E1LF,3886345,1
386,78FOLH,3886542,2
387,78AA1Q,3887018,85
388,78R9AP,3891107,17
389,78FQ3T,3891358,36
390,795S7L,3892407,4
391,7995MR,3893740,52
392,78R36K,3894433,130
393,78DTDG,3896386,1
394,78QNSD,3896537,3
395,78IN8O,3896826,206
396,78GLMS,3899079,18
397,7934QM,3899789,15
398,797DDR,3903211,41
399,78CQEK,3904462,19
400,7907J3,3905537,12
401,78QM3N,3906430,75
402,798GGJ,3907489,12
403,78FOFP,3907678,20
404,796QBF,3910561,11
405,79ARA0,3914202,15
406,790RFM,3916755,57
407,78KDTG,3917460,15
408,78C52I,3918085,4
409,78G9E3,3918236,4
410,792RAO,3918252,72
411,78FSBG,3918668,66
412,793QP0,3919989,16
413,78N1B3,3920495,186
414,78J6DG,3934861,1
415,78DQM0,3936119,378
416,78G894,3936414,31
417,798FMS,3936555,4
418,78HOGF,3936971,211
419,78A724,3938060,10
420,78GF6T,3941874,70
421,78DNJR,3942803,7
422,78Q64E,3942899,1
423,798NCE,3943399,88
424,78R8R6,3944425,24
425,79533N,3944494,4
426,792QQ0,3944836,55
427,78RJSG,3945720,20
428,78CT5D,3945768,47
429,78FFD4,3946079,142
430,78DO9K,3946994,67
431,7978PC,3951792,147
432,78N7JD,3952989,79
433,78CL0P,3954133,148
434,78PK4M,3954723,20
435,78O5DK,3956036,14
436,78GS94,3959435,1
437,78A9A2,3960151,8
438,78IG2F,3960338,11
439,78A8EI,3961063,53
440,78E97B,3961795,9
441,78SIE6,3962188,4
442,78F8BH,3967187,33
443,79BDL5,3968305,17
444,78G5FK,3969197,2
445,78P23O,3969754,77
446,78OIDC,3969990,3
447,78M1LK,3970204,60
448,796B2P,3970462,17
449,78RMAM,3973221,1
450,78NIP9,3977340,2
451,78F5GL,3978052,116
452,78AIDD,3978167,137
453,78FM72,3979620,3
454,78B4CB,3980110,119
455,78A9K6,3980730,224
456,78HD0K,3981274,30
457,78FHGK,3982542,3
458,78P8R2,3983314,79
459,78QJBP,3990952,46
460,794TNS,3990972,76
461,78FQIH,3993408,46
462,78F1DK,3994444,68
463,78QMCC,3994570,17
464,790MNK,3996627,11
465,78IIFP,3996797,22
466,78LTNM,3998260,6
467,7914RK,3998369,32
468,78BRGO,4001591,10
469,796HG0,4001814,31
470,78TPQ0,4002911,2
471,7980OT,4003009,10
472,78Q51T,4003050,39
473,79BA9I,4003548,3
474,78MJ3Q,4004192,57
475,78SL07,4004354,75
476,799OBB,4005819,5
477,78TOR6,4007229,64
478,7990H3,4008445,11
479,78S7GS,4009983,10
480,79BCBM,4010896,11
481,78TSBB,4011552,65
482,78MI7H,4012859,354
483,78R5BE,4012943,1
484,799KN4,4013798,35
485,7936G6,4013916,49
486,78CEOA,4016310,114
487,792DRG,4018319,7
488,798DKR,4019797,2
489,78BS0A,4019859,34
490,78Q68B,4020072,53
491,78ERC2,4020164,8
492,7902DR,4020783,79
493,78RJEK,4021044,61
494,78QKD0,4021572,121
495,799TJ5,4021599,1
496,78COK7,4024081,625
497,78PBTT,4024783,7
498,78I2FJ,4027388,3
499,78T40J,4027413,195
500,790NF3,4027867,11
501,78Q190,4027935,1
502,78B4CB,4027965,60
503,78QM3N,4028017,96
504,78F5GL,4028165,308
505,78L6RG,4029348,9
506,78GFM6,4029834,57
507,78KP8D,4030144,11
508,7957CM,4032416,9
509,78P6TO,4033763,6
510,78JFT3,4033894,6
511,78KK4P,4034260,54
512,78NNQJ,4034589,165
513,78FOT8,4035165,5
514,78M1HL,4035212,25
515,78B3SO,4035227,159
516,798TCJ,4035678,46
517,78MJ2S,4038070,44
518,78FE1I,4038846,11
519,78F9E8,4038984,28
520,78DAE8,4040151,5
521,78DATO,4040262,54
522,78PFTT,4040384,62
523,792LO8,4040626,1
524,78BJ7B,4040689,31
525,78BL6B,4040845,22
526,796ISN,4040853,26
527,78PHO8,4040978,9
528,78BQ9F,4041012,4
529,78D0MS,4041156,41
530,78K4MN,4041798,2
531,78KAN9,4042274,27
532,78A6Q9,4042294,62
533,78A7G3,4042323,1
534,78F3B0,4042700,6
535,78L1NA,4042710,140
536,78RL4D,4042951,2
537,78C2SA,4042972,36
538,795G98,4043117,1
539,78SOJL,4045394,17
540,78M5ME,4045906,61
541,78N6S1,4045997,11
542,78RCA9,4048554,18
543,792E2L,4049877,11
544,798ODB,4050117,3
545,78G7HH,4051325,85
546,796R4N,4051643,15
547,79697F,4052539,3
548,78DL7P,4052610,162
549,78QOQA,4059098,22
550,7977BG,4059114,10
551,78FKL1,4059435,137
552,793DMR,4059677,3
553,78AF64,4060738,3
554,78A786,4060767,42
555,7964BH,4066872,1
556,78EAKB,4067968,20
557,78QNM5,4068080,19
558,78BO52,4076078,22
559,78BMTA,4082745,57
560,78LCCN,4084600,4
561,792JGE,4084643,45
562,7928CL,4086354,12
563,78S069,4089046,1
564,78H901,4089258,7
565,78RQ8O,4092353,70
566,7959N4,4092419,38
567,796069,4093126,11
568,7989PQ,4093745,19
569,7905MA,4093764,2
570,78T2FA,4094845,2
571,78G7AC,4095262,25
572,78F3ID,4095784,10
573,78D0H5,4095791,9
574,78P7TJ,4095840,24
575,78DD6D,4097624,1
576,78J05O,4102596,9
577,7954J2,4102924,4
578,7903JR,4103653,18
579,78E9Q5,4103680,4
580,78MTTC,4104491,49
581,78M74S,4105624,1
582,78RHQA,4110740,74
583,78BPMO,4111955,160
584,78DMOM,4112114,59
585,78BBEB,4112660,26
586,78QCFR,4112664,17
587,798TRF,4112672,100
588,78EEIJ,4112901,1
589,78BFER,4113024,12
590,78CO81,4113440,8
591,78D0JL,4113664,3
592,78SJMR,4120139,21
593,799836,4120344,2
594,78KAN9,4121365,133
595,792CT6,4121747,93
596,78KLFM,4121855,8
597,7901KS,4122033,73
598,78J2Q3,4122673,65
599,78J9JA,4122774,2
600,7915OT,4124475,49
601,790JP8,4126409,155
602,78NO40,4126536,40
603,78F051,4129097,2
604,78GIDO,4129108,37
605,78F8RD,4132052,44
606,78LHF5,4132858,7
607,78KNDT,4141462,30
608,78B2DE,4144888,3
609,795190,4146452,15
610,78NJDQ,4147509,110
611,78HO98,4148609,29
612,78LIPK,4148928,81
613,79259F,4149121,49
614,78Q0K0,4150138,26
615,78KJLT,4152817,33
616,7959P0,4153896,17
617,79065O,4153934,85
618,78B3SO,4155397,31
619,78OGRT,4155636,144
620,78O7LD,4155865,2
621,78CJC7,4156948,20
622,78MRT5,4157224,106
623,78B38A,4165162,31
624,7975P7,4172910,1
625,78HFM3,4174398,63
626,796ACQ,4180399,5
627,78GE3H,4181160,10
628,792JI0,4182411,81
629,7991DT,4183165,7
630,78CLSD,4186284,70
631,78J4DG,4186299,38
632,78D8I2,4186691,14
633,78DQM0,4186809,349
634,78PSGD,4187267,10
635,79AEEP,4187580,79
636,78Q51T,4189983,84
637,78ASA4,4192936,45
638,78BB3R,4193386,63
639,79B422,4194105,9
640,791P79,4194714,4
641,78EACT,4195178,1
642,78C7NN,4195199,93
643,791412,4195214,15
644,78F51O,4195279,19
645,7920TP,4195371,44
646,78QNQE,4195507,25
647,7927GO,4195544,169
648,78JO92,4197119,2
649,78FAC3,4204467,35
650,78AB88,4205399,1
651,7913TS,4206397,22
652,78CQ6F,4207288,232
653,790JT6,4210795,2
654,78JEQ1,4211431,51
655,78MEJQ,4211898,55
656,78B4FJ,4212020,5
657,78C24I,4212117,219
658,7992P7,4212318,65
659,78QG8S,4212401,11
660,78PJ7O,4214612,7
661,79A8LL,4214831,1
662,79859H,4215160,5
663,78DPH6,4215795,84
664,78RHRM,4216761,54
665,78LBQN,4221617,107
666,78M781,4223884,1
667,794DHB,4223972,3
668,7980RM,4224489,5
669,78RBM2,4224505,1
670,78CKDM,4225010,36
671,78J48D,4226144,27
672,78B95M,4228298,155
673,78POJ1,4228535,4
674,78G8JE,4233014,1
675,791KPJ,4233451,2
676,78FLL1,4233487,15
677,78DDE1,4233511,6
678,78NP99,4233558,238
679,7926SK,4233683,1
680,78FH22,4233720,144
681,78IQJR,4236063,68
682,78FLL1,4236070,107
683,78R4GP,4242380,21
684,78ALB8,4243699,56
685,78O5F8,4243805,3
686,78ACIM,4244812,31
687,78PLCE,4244926,1
688,78PHFP,4251634,1
689,790ISF,4251660,2
690,78G1S1,4252461,30
691,78JELR,4252642,7
692,78O8Q6,4253265,166
693,794D2A,4253549,26
694,78DITA,4254553,299
695,796CFL,4254899,4
696,78T5OP,4255170,3
697,7977SM,4256504,42
698,78DNN3,4259559,319
699,78GQJO,4262549,2
700,78MPEG,4263025,115
701,797IQI,4263775,130
702,79343H,4264013,15
703,78OB02,4264488,43
704,78LNI7,4264497,32
705,795CNJ,4264734,154
706,78I7GM,4265386,1
707,78QM4H,4271604,9
708,78LLCI,4271799,21
709,78LMEF,4282958,115
710,78O368,4284999,163
711,793TFL,4286008,9
712,78C6N2,4291384,22
713,78C061,4291437,355
714,78AEA9,4293280,10
715,78QBQ6,4294961,2
716,795DIJ,4295655,169
717,79376T,4298705,57
718,78CLJ1,4299139,12
719,79A1DF,4300879,22
720,78B29N,4301381,164
721,794BAS,4303264,30
722,796MD7,4303297,89
723,793DFQ,4303398,10
724,78BS99,4303472,37
725,78PF3O,4303751,154
726,78OANM,4303765,45
727,78MI7H,4304577,52
728,78HDDD,4305170,86
729,78E309,4313254,30
730,78TS7O,4313290,4
731,78JJTE,4313771,26
732,78F8RR,4314261,164
733,79AIFP,4315314,14
734,78GKR1,4319875,33
735,791C6N,4320802,15
736,795A2A,4321540,8
737,78C443,4322991,131
738,78BR9P,4323329,85
739,78MH6I,4323594,28
740,78RNOD,4323923,26
741,796FEP,4325997,87
742,78M3CJ,4326246,104
743,78LMIR,4329196,1
744,78GCR0,4329296,38
745,78CKDM,4329565,245
746,78C61L,4330693,2
747,78KL5S,4330985,54
748,7986GJ,4331031,11
749,78LE54,4331277,31
750,78QDSH,4331866,1
751,78QISN,4331916,189
752,797FS3,4333565,71
753,78P69G,4335274,114
754,78P07N,4337628,61
755,78LE3S,4337743,19
756,78M198,4341426,98
757,792C3T,4346153,1
758,78BD9Q,4346771,82
759,78IRE0,4347031,380
760,78D0H5,4348063,54
761,78BF8A,4348071,45
762,78KK4P,4348516,75
763,78NN8I,4348842,33
764,78DJJ4,4349687,23
765,793TTC,4349923,141
766,78DK5H,4350011,11
767,78R6FR,4351430,41
768,78BP00,4352354,1
769,78H2JP,4352729,3
770,78RGQ3,4353988,167
771,78M7TD,4354743,52
772,78OSMH,4356265,12
773,797CA3,4357327,155
774,78KAN9,4357418,32
775,78J7BQ,4357652,23
776,78DQM0,4358221,24
777,78D31E,4358301,18
778,78Q918,4358388,3
779,78O8KB,4358498,56
780,78DJF9,4360090,200
781,79B9OQ,4360849,17
782,78F4A8,4361429,1
783,78IG2F,4364336,129
784,78T4J9,4364809,35
785,795G24,4364900,10
786,798N6R,4364901,101
787,78K4LM,4365833,17
788,78GDH5,4365947,13
789,78POQS,4366380,1
790,78LIJ2,4366452,17
791,792A45,4367296,1
792,78MRT5,4367430,83
793,78ECTH,4369380,10
794,78PRO0,4371402,7
795,78PR74,4372108,5
796,798JL8,4372392,93
797,78R9AS,4372708,26
798,78L5I8,4372753,51
799,78PMIM,4373384,6
800,78SKTT,4373417,33
801,78RDCK,4373795,72
802,78HDEL,4373822,1
803,78A4LN,4374072,50
804,78TNNT,4374425,7
805,796OA1,4374644,2
806,791ISR,4374684,12
807,78G1S1,4376421,203
808,79088B,4380414,71
809,78EIH5,4383608,5
810,78MQ7P,4384381,87
811,78BL58,4386339,31
812,78QKSQ,4386347,3
813,78TIQJ,4391484,2
814,78EPGE,4391733,50
815,798OQB,4391741,23
816,78MDKK,4392774,27
817,78AIDD,4393131,3
818,78KTSM,4393331,37
819,78J6MQ,4393709,2
820,7975BS,4397184,8
821,78F5HH,4397579,54
822,78HOGF,4398856,26
823,790RAR,4407129,11
824,7971MH,4407878,11
825,78BKMG,4408251,37
826,78BTIC,4408253,30
827,78RL23,4408305,58
828,78S06K,4408332,122
829,78QO9I,4409159,161
830,791G53,4409274,59
831,7903LJ,4409917,97
832,78OKG0,4412432,6
833,78NA0O,4412536,8
834,78GGA5,4413887,57
835,78DQD1,4414917,15
836,78CLBC,4414940,133
837,78Q6F9,4415389,2
838,79ACO8,4415447,18
839,78LNT0,4416219,42
840,78CMQJ,4416220,119
841,797FA2,4417366,9
842,78TNOE,4417511,30
843,794796,4417549,53
844,7914BC,4418277,4
845,78CSPN,4420518,43
846,78J6JG,4420690,18
847,78KTKL,4421190,12
848,78QLLR,4423322,16
849,79B9E6,4423445,94
850,78B7JN,4423909,3
851,7902C1,4423937,48
852,78CM1F,4424145,358
853,792JI0,4424694,71
854,792M22,4424724,38
855,78AL18,4424797,136
856,7977NL,4425101,2
857,78D7Q9,4425346,31
858,78ML7Q,4425941,65
859,78S5RM,4426020,1
860,78SH74,4428002,52
861,78R6FR,4428818,114
862,78QE4P,4430615,1
863,78E3RD,4431252,22
864,7.97E+81,4432882,11
865,79641F,4433297,4
866,78OS0B,4434650,120
867,78J64H,4435017,423
868,78GN75,4440532,8
869,78TOCR,4440652,6
870,78RLO3,4441147,18
871,798KO5,4441562,27
872,78R7DD,4441781,49
873,794O16,4442119,2
874,78J0M8,4443257,36
875,78PMTO,4444577,208
876,78HL2J,4445887,65
877,794E0J,4448069,31
878,78RJEK,4449056,24
879,78E9HA,4449538,75
880,78PRKM,4449884,4
881,78CCLI,4450505,108
882,78BIG7,4450526,41
883,78LNL1,4451700,2
884,78OKG0,4463498,42
885,78S9IC,4463621,10
886,78K1L4,4464332,196
887,78OGRT,4464438,54
888,799SKS,4464698,247
889,78D24G,4465138,284
890,7951NF,4465175,2
891,78FN1S,4465335,26
892,78BIRQ,4465421,57
893,78BGPB,4465526,67
894,794T3M,4465655,65
895,78HO98,4465664,32
896,78L88K,4466671,78
897,7963NP,4468136,7
898,796R4N,4468201,31
899,796AEO,4468616,98
900,78AP1P,4471223,92
901,78R985,4472345,22
902,78EQN6,4472358,170
903,78IG2F,4472618,288
904,78RKGA,4472631,49
905,78B5L3,4473097,4
906,79BBC0,4473248,16
907,78OMD0,4473842,82
908,78I8MF,4473888,1
909,7952PR,4477982,3
910,792RBK,4478130,64
911,78R7NM,4479192,2
912,78ST5B,4479381,44
913,78TI8F,4479481,17
914,78B2LS,4479930,1
915,78O6OA,4480466,43
916,7900HD,4480545,2
917,78KA1Q,4480847,8
918,78CAKL,4485666,15
919,796DLI,4485850,1
920,78QR07,4486278,60
921,78QMNJ,4486294,32
922,78ARP0,4486334,169
923,78P774,4486426,146
924,78N6Q6,4486635,1
925,78C7SS,4486760,110
926,78CSMQ,4487064,168
927,78G8KC,4487174,50
928,78THSO,4487711,41
929,78P9D8,4489028,148
930,78B7JN,4489917,54
931,7991PG,4491926,70
932,78BSI6,4492069,93
933,78R7DD,4492521,107
934,78G5PH,4493103,52
935,78BHJH,4493151,2
936,78QBL9,4493282,4
937,78D7FM,4493375,79
938,78CGT9,4493566,52
939,7915D9,4494042,74
940,78FKEK,4495750,10
941,7969HF,4498092,6
942,792IJN,4498157,67
943,78MI7O,4498291,60
944,7943F7,4498319,26
945,796BS4,4498853,123
946,78B269,4499526,24
947,78D4Q7,4500882,13
948,79533L,4505534,4
949,798GPB,4506203,1
950,7943F7,4510026,58
951,78CD2T,4510388,70
952,78DITA,4510572,72
953,78BAB2,4511279,6
954,78S9IC,4511527,15
955,794RL5,4511563,2
956,78QMCC,4511571,14
957,797517,4511577,13
958,78MF4B,4511811,3
959,7951JH,4511903,41
960,78TEPA,4511960,95
961,78FDLM,4511963,1
962,7953QQ,4512381,1
963,7904PO,4514439,172
964,792JTQ,4516025,65
965,78F08O,4516334,60
966,7912AJ,4516926,222
967,78IG2F,4517057,167
968,798A9B,4517432,19
969,78PG7J,4517800,239
970,78L5SA,4518689,55
971,78D06D,4519517,68
972,78NRFN,4519589,22
973,790E1H,4520568,5
974,78QDS5,4523584,10
975,78B7TC,4524411,102
976,78SJF8,4525054,76
977,78CQS8,4525331,128
978,78H61M,4529500,4
979,78SASE,4529583,37
980,795006,4529926,52
981,798QHO,4530279,13
982,7984IK,4531224,20
983,78H7D8,4531818,69
984,78CSOG,4532374,82
985,78BEN1,4534594,17
986,7915DT,4535225,5
987,78F4I7,4535640,1
988,78ARAL,4536703,18
989,78TSRC,4536733,62
990,7981D4,4536759,8
991,796DS3,4536821,141
992,797745,4537035,86
993,78INT1,4537393,7
994,78P23O,4538988,133
995,78K5C1,4540166,123
996,78NTF2,4540397,4
997,78L5SA,4540772,113
998,78H7D8,4541189,36
999,78R9EP,4541499,138
1000,78DE21,4541735,9
1001,78FL72,4541864,120
1002,78RGFI,4541888,7
1003,78ED2C,4541994,3
1004,78GN1D,4546226,47
1005,78QJOA,4548795,18
1006,78HCRS,4551598,2
1007,78NP48,4552096,182
1008,78OSQF,4552639,246
1009,78B5FR,4553073,31
1010,78QRT4,4553536,31
1011,78PC6E,4553688,15
1012,796SJF,4553888,92
1013,78TSQS,4554267,29
1014,790G1T,4554374,118
1015,78GS6A,4555145,175
1016,78PD10,4555172,5
1017,78JDMA,4557650,53
1018,78A78G,4558413,11
1019,78DQFD,4558570,1
1020,78I3FD,4558916,4
1021,78LTSL,4559491,45
1022,78AA2R,4564735,1
1023,78MJ3Q,4564875,123
1024,78TK6A,4565655,118
1025,78QR6C,4565751,65
1026,794PD7,4566089,4
1027,78R4CE,4566126,5
1028,78BGJQ,4566970,11
1029,78LE36,4571158,92
1030,78BLDJ,4571377,14
1031,78FQ3T,4571445,59
1032,78QA74,4571534,207
1033,78G01F,4571584,125
1034,78QPNQ,4572050,119
1035,79ANAQ,4572342,21
1036,78E6P1,4572354,3
1037,78TLJJ,4572651,14
1038,78EKCM,4572797,27
1039,795LP4,4573063,1
1040,78N3RQ,4573162,17
1041,78RE4G,4573559,156
1042,79804T,4574640,24
1043,78G9NA,4577172,146
1044,78TMR6,4578297,248
1045,78TMR6,4578390,120
1046,78CK7T,4578396,1
1047,79376T,4579092,102
1048,78BDO6,4579205,5
1049,794ESK,4579223,18
1050,78T6FH,4579271,4
1051,78QHIO,4579381,4
1052,797RAG,4579461,89
1053,78LGG8,4579497,121
1054,78PT7N,4579596,54
1055,78AHN7,4579635,1
1056,78D69P,4579638,205
1057,78QF39,4580292,2
1058,78S1SQ,4581156,102
1059,78C2R6,4581990,1
1060,78FLN3,4583184,3
1061,78TCJF,4585923,164
1062,78PC7R,4591286,7
1063,78DDRR,4592166,195
1064,78J290,4592496,2
1065,78I0SC,4592639,128
1066,78FFB7,4597921,19
1067,78LJ02,4598077,234
1068,78DD66,4598089,25
1069,798SEI,4598917,2
1070,78C800,4599002,3
1071,78ER13,4599041,146
1072,78JDMA,4599095,16
1073,78G22S,4599290,1
1074,797F8K,4599422,17
1075,791D9E,4599428,42
1076,78MRT5,4600591,114
1077,78DMOM,4603124,24
1078,78QFII,4604343,77
1079,78B1DF,4604445,5
1080,78TSBB,4604762,15
1081,78L4R1,4604790,6
1082,79ATQL,4605659,50
1083,78F7B0,4606067,15
1084,78IRE0,4606374,143
1085,79021F,4607384,58
1086,78P2KO,4608249,14
1087,78JD08,4608464,126
1088,795EIG,4610513,2
1089,78DG8E,4610639,17
1090,78CLBC,4611227,105
1091,78PP7A,4611567,1
1092,78A91I,4612373,45
1093,78DI81,4612459,100
1094,78G01F,4612796,3
1095,78O6IJ,4612889,37
1096,78B2HG,4613032,57
1097,78BG63,4613526,195
1098,791OHD,4613832,51
1099,78G0OE,4618187,5
1100,78B17P,4619707,24
1101,78J2E7,4620268,1
1102,796FTN,4620762,8
1103,78D49D,4624228,185
1104,7907TK,4624237,9
1105,796BQ6,4625314,2
1106,78GEP1,4625469,42
1107,78GAK8,4625503,104
1108,78PFTT,4626035,32
1109,78LK7D,4626074,125
1110,78MDJ8,4626846,158
1111,78CSMQ,4626859,4
1112,78J0M8,4626980,174
1113,78LN9C,4627021,14
1114,78MJDJ,4627142,52
1115,78SDLP,4627263,94
1116,78BEDL,4630383,7
1117,78MHQD,4631045,210
1118,78FQQF,4631445,28
1119,78SGH4,4631982,2
1120,799A95,4632234,134
1121,78PL3N,4632414,1
1122,7968TT,4632549,5
1123,78CJHG,4632572,14
1124,78OCFN,4633171,32
1125,78MFSG,4633181,67
1126,78JE0D,4633269,2
1127,78DIN9,4633592,210
1128,78QGET,4634581,12
1129,78EMGQ,4637864,45
1130,7910C4,4638038,70
1131,78OD74,4639206,175
1132,78CANG,4640472,42
1133,78SHDS,4643237,22
1134,78M198,4643360,197
1135,7909D1,4643382,58
1136,795086,4644128,11
1137,794LJ6,4644240,17
1138,78EJKE,4644662,16
1139,78QMLR,4644837,11
1140,78JO49,4644848,40
1141,78BJ5N,4645382,23
1142,796889,4647629,12
1143,78J53A,4647808,260
1144,78JGPO,4648386,36
1145,78GBB5,4648430,12
1146,78FKT3,4649337,1
1147,78SOGJ,4649415,1
1148,78D1I2,4649420,101
1149,78LKGK,4649481,88
1150,78AB39,4649791,5
1151,78PKKC,4649920,40
1152,78E673,4650443,1
1153,78KD41,4650466,1
1154,78DI6H,4650483,183
1155,78B0M5,4650507,25
1156,78KPTS,4650754,7
1157,78B7TC,4650888,171
1158,78R7IS,4651316,1
1159,78SJF8,4651915,108
1160,78F0IB,4652099,51
1161,79275M,4652677,19
1162,78CLA6,4653134,21
1163,790M72,4655787,14
1164,78B43H,4656070,94
1165,790ADL,4656561,77
1166,78MJ0H,4657071,87
1167,78PQGG,4657106,219
1168,78QL59,4657387,4
1169,78JD15,4657629,36
1170,78N0PF,4658363,76
1171,79B9OQ,4658403,25
1172,78I87J,4658714,25
1173,7956TG,4660583,3
1174,79A4DE,4662188,266
1175,78PMN6,4666083,385
1176,78L8O9,4670952,5
1177,79AM30,4671798,98
1178,78NFEF,4671933,15
1179,798K0C,4672173,13
1180,78ASRL,4672272,94
1181,78SDLP,4672609,268
1182,78MI7H,4672619,19
1183,78NQ5T,4672644,82
1184,78FQ8L,4673275,76
1185,78RPQ9,4673316,1
1186,78CLL3,4673799,325
1187,78R9AP,4673855,42
1188,798R41,4674118,16
1189,78B2TL,4674213,1
1190,79560R,4674280,4
1191,78DONJ,4677676,2
1192,794HO7,4677968,30
1193,78J1CA,4678338,20
1194,78MJDJ,4678371,235
1195,78CR5N,4678744,69
1196,78TES9,4678838,107
1197,78C1K7,4679003,69
1198,78Q50E,4679232,43
1199,78DRPG,4679303,5
1200,7918LI,4679323,121
1201,78GHAL,4679675,13
1202,78F757,4679813,168
1203,798H03,4680724,36
1204,78OD3S,4684299,38
1205,79836T,4687300,1
1206,78E0RN,4690931,45
1207,7997PA,4691019,26
1208,78CCA6,4691104,179
1209,78NPH1,4691253,9
1210,78GGT0,4691717,120
1211,78NFP8,4691947,90
1212,793664,4692224,36
1213,78B5IS,4692530,187
1214,794DA7,4692537,78
1215,7992RR,4692567,7
1216,78ACT1,4692622,15
1217,78BFN6,4693119,123
1218,7907S4,4693239,28
1219,796DGN,4693467,1
1220,79815D,4693541,40
1221,78KF2J,4693679,15
1222,799QM0,4693702,45
1223,794STO,4693935,27
1224,795KC6,4693995,3
1225,78O7DH,4696214,24
1226,7957M8,4697155,2
1227,78CBDF,4698030,1
1228,78B899,4698073,57
1229,797L56,4698655,123
1230,78HO1P,4699129,53
1231,78JGBH,4699154,1
1232,78F7TC,4699156,136
1233,78H2TD,4699734,1
1234,78QT0G,4699753,47
1235,78FOHN,4700650,28
1236,78B43H,4703140,13
1237,78T495,4703843,87
1238,78J6LR,4703938,88
1239,792GCI,4704370,73
1240,78FRAK,4705148,111
1241,78DPJ1,4705527,103
1242,78BNFN,4705535,610
1243,78BAH2,4706078,6
1244,78M3N6,4706100,3
1245,793RSD,4706126,61
1246,78FRGE,4706142,3
1247,78D4MB,4709638,42
1248,78DEFK,4710638,1
1249,78RT2F,4711220,43
1250,78SOCQ,4711706,4
1251,796SJF,4712098,140
1252,78JDOT,4712145,116
1253,78G3RA,4712208,2
1254,78D69P,4712745,54
1255,78OKSK,4713124,60
1256,78RQ1E,4713179,82
1257,796H42,4714705,5
1258,798I3L,4715668,49
1259,78G5LN,4715881,118
1260,78CSMQ,4716125,97
1261,78GASD,4716906,78
1262,78R3FK,4717605,65
1263,799AL7,4718173,75
1264,78GECT,4718773,108
1265,78I801,4718962,3
1266,78NEK8,4719007,53
1267,78FE67,4719048,30
1268,78J53A,4719213,70
1269,78RALN,4720103,10
1270,78GAMM,4720242,79
1271,78RRDE,4721744,13
1272,78C2IB,4723107,60
1273,78N7G4,4724083,113
1274,79366M,4724301,2
1275,78FKBJ,4724464,5
1276,797GEG,4724472,2
1277,78FKD3,4724552,107
1278,78LK7D,4725174,73
1279,78D29C,4728671,111
1280,78FGQF,4734526,111
1281,78DCO3,4735544,3
1282,78GMO3,4735617,131
1283,796J0S,4735627,103
1284,78AAOR,4735855,244
1285,78AAOR,4735867,259
1286,78QEBN,4735945,24
1287,78TMR6,4736049,143
1288,78DQM0,4736223,13
1289,78E30J,4736314,74
1290,78MK97,4736704,100
1291,78BDBE,4736784,39
1292,78T3D5,4737163,105
1293,78GNQ1,4737811,21
1294,78GA8S,4737985,53
1295,79124L,4738552,1
1296,78DDM2,4740120,17
1297,791NK2,4740130,7
1298,78IF7E,4740151,46
1299,78CT58,4740161,162
1300,78D131,4740299,2
1301,78J0M8,4740322,130
1302,790N8D,4740578,17
1303,78FCEP,4740834,61
1304,799HTH,4741637,22
1305,78PAH9,4741654,218
1306,78GLBI,4741675,33
1307,78L1A3,4741712,29
1308,7906IG,4741740,30
1309,791CNF,4742252,121
1310,793RS1,4742332,2
1311,78ACTG,4742363,218
1312,78L4GT,4744267,6
1313,78M8IS,4744404,25
1314,78ENIB,4745683,162
1315,78QH0H,4746082,157
1316,78BE8A,4746093,176
1317,78P7F3,4746552,24
1318,796ISN,4747108,6
1319,794FLH,4747142,30
1320,78DM10,4747243,68
1321,78II0A,4747985,82
1322,78O549,4748003,6
1323,798JCA,4748040,1
1324,78BBEB,4748299,235
1325,79534J,4748408,1
1326,78H182,4749557,70
1327,78POPD,4750718,9
1328,78FKL1,4751636,245
1329,78J0M8,4751686,200
1330,799PPC,4752376,22
1331,78F2HJ,4752438,3
1332,78FODO,4753037,4
1333,78CT58,4753413,34
1334,78MBTI,4753620,83
1335,78RODS,4754146,25
1336,78N7IF,4754846,2
1337,78F8EH,4755488,1
1338,7928G7,4758376,35
1339,7904R9,4758711,39
1340,796Q78,4759510,117
1341,78C24I,4759527,155
1342,795C27,4759874,193
1343,78FC19,4760053,11
1344,796RAD,4760057,36
1345,78NP99,4760071,35
1346,78QLG7,4760636,24
1347,7958TH,4760860,18
1348,78AF6P,4761114,34
1349,78C365,4763758,8
1350,78KLE6,4764392,20
1351,7930GF,4764547,18
1352,79AIBT,4765171,2
1353,78E0S1,4765463,2
1354,78FN13,4765923,45
1355,78QNON,4765988,11
1356,78D4MB,4766432,96
1357,79520H,4766928,2
1358,78GCFC,4768438,103
1359,78FRS2,4770413,72
1360,78OKL4,4773296,155
1361,78B5IS,4773361,81
1362,78PL5B,4773566,4
1363,78P0N2,4776928,104
1364,797197,4777019,2
1365,78M0F9,4777137,9
1366,792JI0,4777720,8
1367,798S3Q,4778099,1
1368,799836,4778251,11
1369,78OI89,4778314,17
1370,78JE9F,4778333,15
1371,78CGKF,4778792,62
1372,78GRJS,4778920,52
1373,790N8F,4779006,21
1374,790RRS,4779032,14
1375,78FODT,4779258,14
1376,78QKQM,4780254,86
1377,78KA1Q,4781399,2
1378,78KQ2E,4785715,38
1379,78BGQP,4787193,9
1380,78DPJ6,4789669,5
1381,78D4OR,4790017,103
1382,78MP15,4790475,164
1383,7951BP,4790766,1
1384,78EN1K,4791174,23
1385,78BKES,4791202,164
1386,79A0RC,4791254,6
1387,7951Q2,4792273,5
1388,79531N,4792291,3
1389,792D0G,4792306,83
1390,78FQ80,4794380,1
1391,7937H2,4795376,117
1392,796BPG,4797272,55
1393,78KK2G,4797560,30
1394,798MMH,4797623,26
1395,78ANO4,4797969,21
1396,78PEQA,4798200,53
1397,78D74C,4798667,114
1398,78LH9T,4802282,51
1399,78R7DD,4803005,44
1400,78BNN3,4803509,4
1401,798P8O,4803987,31
1402,78FI71,4803994,72
1403,791HCN,4804610,1
1404,796IRL,4804639,2
1405,78N9F1,4805025,11
1406,794DA7,4805437,140
1407,79970J,4808459,2
1408,78G4BE,4808552,91
1409,793RJG,4808918,15
1410,7985EC,4809284,45
1411,78BHNE,4809311,70
1412,78LRMB,4810047,51
1413,792LI1,4810060,45
1414,78Q5RF,4810079,110
1415,78NEHI,4810452,118
1416,798P66,4810638,1
1417,78T842,4810999,23
1418,78Sep4,4811026,21
1419,79AGGS,4817695,4
1420,791A2R,4818253,76
1421,78O9K7,4820689,78
1422,78BT64,4824444,173
1423,78DL7P,4825053,36
1424,78RSC2,4825533,1
1425,78RABT,4825694,7
1426,78NJ49,4825787,94
1427,79B36I,4825825,1
1428,799AL7,4825882,26
1429,78EQN6,4825983,186
1430,797250,4826294,11
1431,78B5R7,4826845,65
1432,78J9OL,4826866,51
1433,78D7KB,4826928,141
1434,78Q889,4826929,53
1435,78PNMG,4827065,90
1436,78MQFS,4827426,167
1437,78A9A2,4827440,12
1438,79AK64,4829956,31
1439,78MTSI,4830034,104
1440,78D4NG,4831940,42
1441,78NE2R,4833154,126
1442,78OP32,4833554,3
1443,78IGDI,4833627,29
1444,7980MB,4833765,21
1445,790K1I,4833776,60
1446,78ORS0,4833944,19
1447,78FPKQ,4834241,265
1448,78QBIT,4835217,60
1449,78QMRT,4837208,2
1450,795B3B,4837740,1
1451,78AMA7,4837771,29
1452,78ME1O,4838020,67
1453,798QN2,4839559,1
1454,7903LJ,4840058,141
1455,78OJO4,4840525,1
1456,7918BR,4840902,12
1457,79BC2M,4842162,38
1458,78IJ38,4843473,117
1459,798I0N,4844510,29
1460,78F19G,4844907,7
1461,799EHT,4844951,49
1462,78CM61,4845237,6
1463,78M2EM,4845310,24
1464,79B3GJ,4845880,80
1465,796LM4,4846036,153
1466,78GCJN,4846111,19
1467,790CT2,4846523,9
1468,79331T,4846985,41
1469,79B222,4847371,24
1470,797BTQ,4851117,160
1471,78HPFO,4851438,1
1472,78F9M7,4851938,13
1473,78EO1J,4852134,3
1474,78B6RM,4852717,3
1475,798OEE,4852745,22
1476,793664,4853197,295
1477,78CKA9,4854712,188
1478,794CRD,4856406,2
1479,7969LG,4856408,10
1480,78BLHH,4856723,164
1481,78TH70,4856793,37
1482,78C2P5,4858452,56
1483,78ATR3,4859035,28
1484,78AMA7,4862247,57
1485,78GAOF,4864375,5
1486,78OSOQ,4864423,20
1487,78B0S4,4867070,8
1488,79AO47,4867741,62
1489,78FK7I,4867753,130
1490,78L5SA,4867768,97
1491,78G8KC,4867776,74
1492,78LSCT,4868071,179
1493,78EC3T,4868236,4
1494,78E59S,4868253,250
1495,78DPO5,4868279,73
1496,78B9I5,4868327,1
1497,78HPF6,4868471,123
1498,78PMTO,4868634,38
1499,7985GA,4868647,9
1500,78TRIA,4868970,139
1501,78R7DD,4869011,32
1502,78FLD7,4869098,56
1503,78B34G,4869168,35
1504,78MKSD,4869539,4
1505,79A1FR,4869729,4
1506,798L28,4869738,102
1507,78CPA6,4870120,74
1508,78QFGN,4870225,4
1509,78GFPK,4872236,35
1510,78MDKK,4872729,110
1511,78FOMO,4873073,8
1512,798ID0,4873262,25
1513,78QG32,4873318,82
1514,78DCBJ,4873320,18
1515,78JCA8,4873380,50
1516,78C1TS,4874251,3
1517,78MSN5,4874345,85
1518,78J8H9,4874382,43
1519,78JGII,4874716,6
1520,78R596,4874971,66
1521,78C2DC,4874975,83
1522,78OSQF,4875703,39
1523,78SKO7,4876106,86
1524,78HTPF,4878864,95
1525,791C6N,4879521,146
1526,78B9JC,4879658,2
1527,78PNAH,4879692,125
1528,78BEN1,4880792,67
1529,793TAO,4880837,1
1530,78KNBH,4880921,2
1531,78TAGB,4881324,11
1532,78CH5J,4881514,64
1533,78R6FR,4881520,93
1534,78CP7E,4881523,264
1535,78CKSD,4881572,3
1536,78F1DK,4881584,23
1537,796SNJ,4881593,136
1538,792M75,4882143,55
1539,78SO95,4885259,5
1540,78G4BE,4885518,106
1541,78FO23,4885806,8
1542,78Q39B,4886394,3
1543,793J6D,4886466,213
1544,78GC7K,4886574,55
1545,78BHNN,4887294,5
1546,798IJK,4887309,3
1547,78PIFC,4887499,355
1548,793664,4887973,329
1549,78L4TL,4888253,290
1550,78BJEC,4888336,33
1551,78E2E4,4889252,2
1552,78T026,4889422,135
1553,790JFK,4889482,62
1554,78GFM6,4893233,85
1555,790FLE,4893298,58
1556,78L0AK,4893484,1
1557,78J05O,4894087,47
1558,78CT58,4894110,39
1559,7950NA,4894765,352
1560,78P28K,4894815,16
1561,78OS2O,4896203,4
1562,78FONE,4898205,56
1563,798IAN,4898855,4
1564,790L0O,4899641,58
1565,78D2H8,4899706,35
1566,78HKB1,4904873,29
1567,78QE51,4907992,144
1568,78PGCB,4910065,72
1569,78COR1,4910857,1
1570,78J4DG,4911391,343
1571,78LQDJ,4912412,113
1572,78FAQI,4912442,86
1573,78MPC8,4912443,5
1574,78HP07,4912988,69
1575,78ARE0,4913109,2
1576,78L6D4,4913712,116
1577,78L6D4,4914169,67
1578,78FG4E,4914329,2
1579,78FRQR,4914425,20
1580,78MKJA,4914950,24
1581,7918L7,4915041,289
1582,78Q53I,4915123,103
1583,78CTOL,4915129,101
1584,78TSH6,4915370,33
1585,78D1I2,4915570,13
1586,78RN5P,4915629,56
1587,78TKDL,4915632,75
1588,78PFGO,4916483,47
1589,792GCI,4917065,181
1590,794PN3,4918181,2
1591,78Q8EP,4919474,7
1592,78CP26,4919604,46
1593,78FEA8,4919916,123
1594,791NK2,4919968,261
1595,78TT1O,4920404,47
1596,78BS0A,4920430,124
1597,78DJF9,4921056,379
1598,78ENBQ,4921112,171
1599,78IP47,4921340,21
1600,78LS64,4921922,1
1601,78A5D3,4922405,228
1602,78QNON,4932018,41
1603,78RJEK,4932777,88
1604,78Q53I,4933002,114
1605,78ADTC,4933104,2
1606,78EB2T,4933119,2
1607,78IPSJ,4933315,93
1608,78Q3MR,4933336,116
1609,78LQJ3,4933357,59
1610,78P44N,4934573,102
1611,78H15R,4934638,125
1612,78J687,4935246,4
1613,78B4CB,4935252,114
1614,78DI81,4936527,22
1615,78ENBQ,4936533,150
1616,7975L7,4936831,10
1617,78R6PI,4939232,195
1618,78H3H5,4939558,2
1619,78QEBN,4939884,49
1620,79452S,4940237,48
1621,78Q393,4940284,197
1622,79147S,4940743,87
1623,78B2J8,4940895,29
1624,78R32B,4941881,8
1625,78J55L,4942175,59
1626,78ES33,4942239,275
1627,78RKTG,4944474,52
1628,7971NM,4945831,3
1629,798J6T,4946567,71
1630,79970M,4946836,127
1631,78D98Q,4949212,14
1632,78S4IL,4950821,139
1633,79023K,4951561,18
1634,79314H,4954019,87
1635,796D5D,4956473,8
1636,78GI32,4956735,3
1637,78E56M,4957790,3
1638,78S84R,4957793,28
1639,78EDR6,4957848,2
1640,798A6M,4957886,74
1641,78TR87,4957928,54
1642,78FGQF,4958007,132
1643,78SSTO,4958350,332
1644,78NR28,4958474,71
1645,78B72M,4958782,221
1646,78LO1A,4959005,19
1647,791CHS,4959090,52
1648,78DCL9,4959687,122
1649,7900N6,4959710,103
1650,78J91H,4959785,79
1651,79B0PG,4959926,6
1652,78P28K,4959958,151
1653,78FE5C,4960834,30
1654,78AOK4,4960857,10
1655,798TCJ,4960908,135
1656,7951JN,4962525,41
1657,78L66D,4964241,2
1658,78LSHG,4964244,40
1659,78CGT9,4964684,171
1660,79BFS5,4964685,1
1661,78FB7K,4964794,89
1662,78BDPJ,4964811,93
1663,78PGOC,4965137,59
1664,78Q5HC,4965310,196
1665,78S7OL,4965357,2
1666,78DPO5,4965389,155
1667,78IQP0,4965793,59
1668,78CGLE,4965815,50
1669,78C3SH,4965822,135
1670,78CCM1,4965828,23
1671,79BAK1,4966506,38
1672,798B7N,4966880,3
1673,78DBPI,4966942,13
1674,78PHLL,4967257,1
1675,7931DH,4967571,122
1676,78MQBA,4968175,75
1677,7.99E+10,4968719,42
1678,78PIC8,4968810,106
1679,78L5SA,4970658,62
1680,78JDMA,4970750,149
1681,78IIFP,4970770,202
1682,7970LR,4970812,130
1683,78LPBQ,4970854,97
1684,78NS2D,4970946,55
1685,78CP7E,4970994,236
1686,78S41O,4971406,3
1687,78G9E3,4971773,229
1688,78BF49,4971842,3
1689,78MRAO,4972600,1
1690,78FLDG,4973132,7
1691,78IHTG,4973245,67
1692,797ENC,4973346,56
1693,79899H,4973524,1
1694,78JBEH,4974552,39
1695,78GLMS,4977270,9
1696,78BSA9,4977845,2
1697,78B553,4978171,103
1698,78CLF1,4978319,78
1699,78CG7P,4978406,53
1700,791DN4,4979685,15
1701,78C7SD,4980010,101
1702,78A6DH,4980025,97
1703,78OGRT,4980336,87
1704,78MA78,4980353,146
1705,78CLL3,4980869,247
1706,78ILAL,4981877,52
1707,78OSQF,4983472,81
1708,78F0M1,4983768,31
1709,78R2C9,4983816,21
1710,78BFIC,4984077,3
1711,78OLJ4,4984117,1
1712,78FAQI,4984302,18
1713,78BIOP,4984387,171
1714,78OFCB,4984455,147
1715,78LLE2,4984735,2
1716,78P3TQ,4984820,27
1717,78FQ0K,4984824,3
1718,78D69P,4984851,69
1719,78BIG7,4985131,132
1720,78ND3P,4985523,114
1721,78D9DE,4985831,31
1722,78OSOQ,4985947,94
1723,78NE2R,4986081,188
1724,793DPT,4986145,44
1725,78TEEA,4986153,16
1726,78CRR6,4986157,42
1727,79100O,4986192,21
1728,78I38N,4986858,8
1729,78IBO9,4989474,2
1730,7954ML,4992003,2
1731,78GHOQ,4992675,29
1732,78J7DP,4992802,2
1733,78TJL5,4995469,51
1734,79AIN3,4995477,97
1735,794PMI,4996153,3
1736,78TSRC,4996619,71
1737,7965L6,4997353,5
1738,78L5I8,4998307,69
1739,791G8H,4999479,96
1740,78A6DS,4999922,1
1741,78EM1S,5002540,5
1742,79003I,5003073,76
1743,78FSD3,5003092,126
1744,78R221,5003305,4
1745,78FP7M,5003463,4
1746,78BDPH,5003472,14
1747,78G1PF,5003499,14
1748,7937H2,5003527,104
1749,78M1SA,5003569,53
1750,797G79,5003854,175
1751,78NH06,5003911,9
1752,78FIJ0,5003919,30
1753,78LBSE,5003937,34
1754,78GGTT,5004196,13
1755,7948ER,5004204,64
1756,7.98E+06,5004214,10
1757,794SI0,5004246,125
1758,78GH9L,5004248,87
1759,78RH2T,5004253,90
1760,78A4MA,5004526,14
1761,78R21P,5004758,82
1762,78GOBM,5004823,77
1763,78NTKP,5005212,111
1764,78EBHR,5005633,55
1765,78FPKQ,5005684,242
1766,78I2D1,5005686,65
1767,792R2R,5005974,66
1768,78EJCG,5006017,31
1769,78BHOQ,5006393,8
1770,78JHMT,5007005,21
1771,78TPP2,5007156,24
1772,7996I6,5007501,11
1773,78SOJL,5007554,28
1774,78NNQJ,5008665,81
1775,78EFTR,5008987,7
1776,7928FF,5009062,1
1777,78BJ0Q,5009215,12
1778,791A62,5009891,3
1779,78RO7G,5010387,9
1780,78MA78,5010471,122
1781,78BOFJ,5010738,7
1782,78BF8A,5011029,189
1783,78C061,5011402,147
1784,78LE36,5011765,41
1785,78MOGI,5012205,178
1786,78Q53I,5012278,171
1787,791HN7,5012918,2
1788,795E6A,5013029,4
1789,78ESPN,5013672,22
1790,78N6IH,5014911,1
1791,7981TK,5016041,126
1792,78A786,5016045,2
1793,78EQEO,5017023,25
1794,78FRFN,5017051,124
1795,78MDEM,5017116,61
1796,78S4IL,5017499,203
1797,78C7NN,5017506,157
1798,78EMEF,5017542,2
1799,78GRJS,5017599,188
1800,78PJ9I,5017945,20
1801,794NTE,5018239,80
1802,78QQFD,5018344,1
1803,78DNL4,5018347,1
1804,798QIQ,5018368,1
1805,78ARP0,5018387,95
1806,78TOGN,5018906,42
1807,78F0A7,5018939,95
1808,78IRD6,5019033,52
1809,7985SF,5019119,90
1810,78TR6L,5019177,217
1811,78BICG,5019237,130
1812,78MQ3G,5019571,1
1813,7915JC,5020187,21
1814,7970JT,5020759,78
1815,7952QF,5023765,12
1816,78SSMP,5024883,95
1817,78FJL5,5025604,5
1818,78CH9B,5025622,133
1819,78AA2I,5025629,24
1820,7912AJ,5025815,83
1821,78BMJS,5026015,287
1822,78BMJS,5026118,272
1823,78FFAD,5026201,43
1824,78DABQ,5026466,11
1825,78D7TK,5026532,44
1826,78FI5I,5026569,194
1827,79B0G4,5027247,107
1828,78Q6C0,5027533,101
1829,790KET,5027785,63
1830,78PT7N,5028829,99
1831,78D2CA,5029226,151
1832,78AICI,5031751,3
1833,78KON4,5031781,41
1834,78C312,5032504,166
1835,7907Q5,5032539,2
1836,78AP3H,5032649,23
1837,78D525,5033182,108
1838,78QG0R,5033195,1
1839,78KTKL,5033434,158
1840,78C3SH,5034028,77
1841,798AM5,5034260,21
1842,78AR6I,5034262,59
1843,7977TE,5035367,14
1844,78L4BM,5035445,98
1845,78K3B0,5035533,58
1846,79AEEP,5036894,69
1847,78NDK5,5037012,7
1848,78AH3O,5037205,73
1849,78OB0T,5039886,132
1850,78SMHR,5043591,169
1851,7906N3,5044877,5
1852,78R8BI,5045617,10
1853,78T08R,5046454,34
1854,78MI7H,5046468,28
1855,78DO8A,5049683,134
1856,78IRO1,5050122,66
1857,7901P1,5050562,1
1858,78PB2O,5050579,42
1859,78T4GP,5050680,76
1860,78AMA7,5051111,31
1861,78F8TK,5051117,195
1862,78BKEN,5051163,5
1863,797S6H,5051181,155
1864,78CBJ4,5051368,101
1865,78S8S1,5051512,136
1866,78C27O,5051775,2
1867,78BJ4A,5051893,112
1868,79AJK3,5052203,5
1869,78BJF2,5052237,39
1870,78GIMT,5052362,11
1871,78HGP4,5052952,14
1872,78BS0A,5052981,193
1873,793IR0,5052985,138
1874,78OACK,5053020,10
1875,78L3JH,5053068,87
1876,78QBR6,5053111,181
1877,78OHCO,5053389,148
1878,78BFK6,5053890,79
1879,78BS3H,5053969,46
1880,78CP27,5053974,8
1881,78BI5D,5054213,13
1882,798NRN,5054235,2
1883,78GFM6,5054236,52
1884,78COS2,5054538,93
1885,78MT63,5055225,11
1886,798L0H,5055770,93
1887,78SGLK,5056136,2
1888,7971NM,5056680,121
1889,78NJDQ,5057624,175
1890,78PG7J,5058727,168
1891,79ASSO,5058733,183
1892,78CQ6F,5058736,293
1893,790AJ3,5058772,6
1894,78PBK0,5058777,35
1895,78AO0N,5059034,71
1896,78GTS9,5059411,30
1897,78IHDO,5059595,8
1898,78DM9J,5059905,3
1899,78PAT6,5060078,76
1900,790GCE,5060509,1
1901,78Q5RF,5060554,90
1902,78C7EC,5060587,219
1903,78EF20,5060766,10
1904,78F1HE,5060831,2
1905,797IL8,5060871,55
1906,78GR6O,5061616,1
1907,78OID5,5062167,3
1908,78F7B0,5062239,30
1909,78LQ0M,5062775,3
1910,79BBK1,5063192,16
1911,78MS6A,5066010,171
1912,78EFTR,5066368,152
1913,78FOKA,5066380,125
1914,79AR2E,5066409,1
1915,78MJ0H,5066782,361
1916,78HQG2,5066786,1
1917,79B18S,5067563,43
1918,78QC8J,5067585,213
1919,78ACI7,5067669,7
1920,78LB00,5067678,153
1921,78C35B,5068011,8
1922,78Q0TI,5068016,69
1923,78BG1D,5068041,89
1924,78PNAH,5068200,201
1925,78D0CR,5068523,62
1926,78CESS,5069161,39
1927,78FP4B,5069166,79
1928,78CP7E,5069653,88
1929,78BHEA,5069685,113
1930,78QFSE,5069691,131
1931,78PTO6,5069848,9
1932,78N6S1,5070127,22
1933,78TG7F,5070523,109
1934,78C70H,5071047,86
1935,78JO92,5071292,93
1936,78R6D4,5071387,417
1937,793DE6,5072166,2
1938,7921G5,5072441,41
1939,78CCLF,5073148,93
1940,78KCLP,5073160,87
1941,78F35E,5073807,19
1942,78B230,5074148,37
1943,7901TC,5074255,3
1944,7.95E+08,5074296,165
1945,78ENNT,5074355,52
1946,78F09A,5074758,38
1947,78B7MS,5074906,48
1948,7908TN,5074922,143
1949,7992HO,5076182,1
1950,7915OT,5076235,104
1951,798HIB,5076437,86
1952,78FPOD,5077235,2
1953,79704G,5077564,6
1954,798GT6,5077584,1
1955,7929T5,5078139,12
1956,796B4R,5080101,213
1957,794GAJ,5080337,71
1958,78DD9E,5081315,2
1959,795H12,5081591,80
1960,7934GC,5082585,154
1961,79514R,5082686,48
1962,794NTE,5083050,11
1963,78P3M4,5083156,265
1964,78QG37,5083194,24
1965,78NE2R,5083225,47
1966,78G9Q1,5083237,52
1967,78T3KJ,5083506,224
1968,78S98O,5083598,38
1969,78B62N,5083974,27
1970,78STM1,5084143,51
1971,78COS2,5084423,146
1972,78B017,5085020,66
1973,7908AT,5086583,2
1974,78LK7D,5090027,84
1975,78OKSK,5091241,33
1976,78CP26,5092814,268
1977,78IMMM,5094786,55
1978,796M4P,5096248,6
1979,78HFM3,5096387,85
1980,78G737,5096768,6
1981,78FE8Q,5097470,7
1982,78Q230,5099486,1
1983,78CER6,5099563,19
1984,78LFNT,5099704,21
1985,78F3TB,5102685,109
1986,78CP03,5104140,90
1987,78HN1C,5104252,1
1988,78FIST,5104490,13
1989,7934GO,5105108,38
1990,78GRJS,5105116,58
1991,78H182,5105178,277
1992,78H7TI,5105605,25
1993,7915OT,5105648,53
1994,78BC5I,5105697,8
1995,7903QE,5105715,33
1996,78D7IK,5105736,82
1997,78EON1,5106296,72
1998,78C677,5106316,63
1999,78QKNI,5106365,39
2000,78MBCL,5106434,84
2001,78BG4I,5106446,166
2002,78SH4R,5106465,56
2003,79166S,5106492,98
2004,78I2D1,5106509,192
2005,78IN8O,5106546,105
2006,78J5PE,5107004,3
2007,78D1I2,5107074,179
2008,78AD7D,5107320,53
2009,78G93O,5107420,2
2010,796K78,5107549,2
2011,798ORI,5107555,30
2012,78GA8H,5107614,170
2013,78I6F9,5108422,18
2014,78TNES,5108848,8
2015,790L0O,5108961,75
2016,78R82R,5109000,26
2017,78B43H,5109577,48
2018,78GAD1,5110268,11
2019,78H0B5,5110612,147
2020,78T842,5113238,29
2021,78MRSK,5113388,153
2022,78J0BI,5113451,42
2023,78T16M,5113639,37
2024,78FH43,5113763,23
2025,78BHNE,5113855,260
2026,78JFA1,5113871,118
2027,78FOSN,5114152,59
2028,78D403,5114242,44
2029,78CP26,5114243,33
2030,78B1TH,5114321,1
2031,78QLBC,5114609,1
2032,78BMJS,5114627,182
2033,78C90N,5114683,5
2034,78BSFQ,5114957,89
2035,790J82,5115065,76
2036,78CG7P,5115269,37
2037,792P7G,5115287,3
2038,78N6N0,5115303,271
2039,78B50C,5115402,49
2040,78NEK8,5115463,178
2041,78ILAL,5115571,41
2042,78HC1P,5115924,3
2043,78NQ5T,5115955,83
2044,78NLEC,5116244,32
2045,795MG6,5116253,1
2046,798CTB,5116262,2
2047,791722,5116272,51
2048,78OIPH,5116275,54
2049,78BD9Q,5116282,291
2050,78RSPI,5116578,15
2051,78HHNN,5117191,27
2052,7908T5,5117508,16
2053,78C2I1,5118165,48
2054,78CGKF,5120155,43
2055,796SN6,5120431,10
2056,78MTSI,5120882,84
2057,7928G7,5121110,233
2058,78M3CJ,5121283,4
2059,798I2T,5121546,48
2060,78ANEK,5121588,11
2061,78GHF5,5121722,43
2062,78O8KB,5122002,136
2063,78R5PN,5122098,49
2064,78CGT9,5122168,163
2065,79AD4K,5122300,5
2066,795I9T,5122319,15
2067,78D6S3,5122519,211
2068,78FAQI,5122572,63
2069,78RGFI,5122573,1
2070,78FGQF,5122730,256
2071,78QE0K,5122889,2
2072,78MF8T,5122991,45
2073,78N1OA,5123003,125
2074,7907BD,5123131,52
2075,791KOD,5123211,53
2076,7953H8,5124008,1
2077,78CTA2,5124283,97
2078,78L06B,5124308,6
2079,78BRFO,5124364,22
2080,79BHDJ,5124388,8
2081,798AKR,5124702,166
2082,78CPA6,5125164,117
2083,7986DK,5125607,10
2084,78PA05,5125750,36
2085,78DPH6,5125852,51
2086,78LME3,5126940,104
2087,799CHQ,5126985,140
2088,798NP4,5128598,60
2089,78FH22,5128691,24
2090,78BG5C,5129379,35
2091,78R64Q,5129731,16
2092,798DKR,5130032,34
2093,78CQ2M,5130068,175
2094,78ARNB,5130078,5
2095,78D6S3,5130497,101
2096,78CGKF,5130595,53
2097,790CO7,5131314,7
2098,78GB4C,5131367,35
2099,78GF1G,5131392,55
2100,78S4IL,5131417,36
2101,78FI24,5131558,31
2102,78NJDQ,5131946,82
2103,78M8IS,5131960,54
2104,78KMC1,5132066,7
2105,798SHD,5132160,24
2106,799T7H,5132205,99
2107,794S5Q,5132261,29
2108,78DT4O,5133036,17
2109,78A535,5133155,2
2110,79BCP0,5137417,154
2111,78SGK6,5137500,53
2112,78BBDN,5137826,47
2113,78B230,5137931,513
2114,78D2I0,5137945,138
2115,78CPH4,5138131,54
2116,78Q51T,5138154,308
2117,78BD5G,5138226,10
2118,78QSQ3,5138232,58
2119,78QG1Q,5138434,15
2120,78MS5F,5138442,71
2121,78B467,5138590,1
2122,78B35L,5138597,9
2123,78ETGT,5138606,73
2124,798O9G,5138704,2
2125,796DOO,5138785,114
2126,78G02D,5139169,7
2127,78BCDM,5139220,4
2128,78QT17,5139492,14
2129,78C69P,5139500,107
2130,78D941,5139894,174
2131,790IM1,5140244,27
2132,78DMHI,5140279,101
2133,78ST5B,5140430,24
2134,78DC3I,5140469,2
2135,791HC3,5140837,92
2136,791NF9,5141194,41
2137,78AJF3,5141340,106
2138,78DHQM,5141749,39
2139,7944DT,5141790,188
2140,78COIT,5142034,30
2141,796L0D,5143527,24
2142,78FP4B,5145138,148
2143,78KSTC,5145165,1
2144,78BCT9,5145880,44
2145,793R60,5146462,56
2146,78BQ3G,5151321,80
2147,78M8H2,5152599,83
2148,78TT5Q,5154026,3
2149,78J1F9,5154441,141
2150,78JCIC,5157188,2
2151,78AJC1,5157551,8
2152,78GCMN,5157604,274
2153,78LRMB,5157666,49
2154,790Q21,5158006,1
2155,78IAHE,5158083,167
2156,78BBO3,5158130,8
2157,797EG5,5158195,9
2158,78ROOJ,5158512,24
2159,798HGF,5158721,30
2160,78CBDE,5158791,6
2161,79031Q,5158978,15
2162,799C7B,5159079,70
2163,78C6BA,5159194,73
2164,794KN4,5159306,115
2165,78BS78,5159456,32
2166,798JL8,5159535,95
2167,78FSPS,5159557,41
2168,7900Q7,5159581,12
2169,78NJDQ,5159604,53
2170,78LHMQ,5159663,94
2171,78CP1S,5159744,308
2172,78B4QL,5159884,145
2173,78ID3R,5160351,3
2174,78ILGP,5160367,51
2175,790HEF,5160387,19
2176,794P8J,5160437,5
2177,78GFPK,5160491,69
2178,78L0A8,5160519,127
2179,78NBRS,5160589,21
2180,78OBKH,5160722,3
2181,78LRB9,5163916,136
2182,7983C1,5164027,46
2183,78JI0B,5164176,62
2184,78PJ9I,5164474,142
2185,78B3P3,5164551,81
2186,78LK7D,5164670,93
2187,794PIS,5164691,4
2188,796RHI,5164699,19
2189,78CM1F,5164805,101
2190,796EO7,5164950,121
2191,78BK76,5165078,87
2192,78R44C,5165081,52
2193,78QBE1,5165101,85
2194,78CBA7,5165146,7
2195,7909JA,5165202,18
2196,79029H,5165223,11
2197,78BL1O,5165267,142
2198,78D4K2,5165566,72
2199,78B3TL,5165750,3
2200,797G0J,5165753,3
2201,78F322,5165758,76
2202,799867,5165788,143
2203,78T95O,5165804,68
2204,78D1I2,5165907,275
2205,78QMRN,5165911,75
2206,78IG7P,5166041,112
2207,79B9KG,5166066,1
2208,78QNR5,5166106,22
2209,78OD74,5166152,244
2210,78LNKC,5166170,11
2211,78I774,5168368,30
2212,790J82,5168824,98
2213,7907SQ,5168825,77
2214,78BBD2,5168997,102
2215,799R31,5169018,59
2216,78A6T1,5169068,39
2217,78NPI0,5169103,13
2218,78QA5T,5169128,9
2219,78TNP6,5169159,1
2220,78MR8K,5169181,167
2221,78A5RF,5169220,29
2222,78NCE7,5169313,55
2223,78H5OI,5169362,45
2224,78KNA5,5169406,28
2225,78MDJ3,5169474,138
2226,78T23S,5169488,50
2227,794R9E,5169841,75
2228,78JBE1,5169920,106
2229,78LQ7M,5169939,26
2230,78CBS5,5169990,14
2231,78GQLB,5169992,1
2232,799ST1,5170112,31
2233,78FB7K,5170169,200
2234,796SJL,5170190,44
2235,78CT58,5170666,138
2236,78CGJ6,5170700,163
2237,78LI5G,5170838,2
2238,7985QP,5170925,1
2239,7913T7,5171216,2
2240,78BOAD,5171835,5
2241,78BRNK,5173349,1
2242,78LM70,5173687,6
2243,78DJ2H,5173690,25
2244,78FOKA,5173784,70
2245,78R6J9,5173801,225
2246,78PI3M,5173828,1
2247,78D62B,5173941,61
2248,793STD,5174281,29
2249,78DJF9,5174479,19
2250,78K4LM,5174524,148
2251,78L81T,5174633,59
2252,78MF18,5174739,14
2253,78FQQF,5174762,74
2254,79B3GJ,5174834,34
2255,798F71,5175148,3
2256,78AP1P,5175155,54
2257,7998F5,5175169,19
2258,78NDK5,5175458,3
2259,78C27O,5176366,4
2260,78CQ2M,5176672,25
2261,78TB2M,5178673,57
2262,7986GJ,5178892,26
2263,7994A0,5178946,13
2264,796J8L,5178953,156
2265,78L14N,5179321,46
2266,78JSNF,5179341,74
2267,78JBE1,5179599,100
2268,78NBMK,5179669,24
2269,78FH0J,5179681,94
2270,790M1B,5179697,3
2271,78FES4,5179716,11
2272,78BBT1,5179834,4
2273,78F3S8,5180045,66
2274,78O2T6,5180169,88
2275,78GGT0,5180196,6
2276,78D1BH,5180805,10
2277,78O6BD,5180816,211
2278,796CF5,5180860,1
2279,796L9T,5181071,11
2280,79379M,5185459,20
2281,78AIDD,5187545,105
2282,78FIHO,5188420,34
2283,78SJ6O,5188466,12
2284,792OF7,5188977,1
2285,78GGT0,5189448,314
2286,78L2MF,5191048,7
2287,78OTQF,5192870,2
2288,78R36K,5193118,72
2289,78H901,5193630,15
2290,78D020,5195083,100
2291,78SPPQ,5195392,67
2292,7978KI,5195668,20
2293,78MDKK,5196043,146
2294,78NJEA,5196121,3
2295,797GON,5196461,95
2296,78LBD2,5196817,195
2297,78OHCO,5196875,74
2298,78C061,5197278,37
2299,78QG8S,5197328,25
2300,78C7DQ,5197330,207
2301,78B71A,5197331,3
2302,799KKD,5197333,58
2303,78E2HH,5197336,13
2304,78BR64,5197505,1
2305,790T2L,5197853,6
2306,79A2RA,5198118,24
2307,78NBJR,5198143,11
2308,78J13F,5198183,23
2309,78JETF,5198213,125
2310,794D0J,5198241,179
2311,78ODKR,5198297,315
2312,78C4KA,5198325,27
2313,78G5P6,5198898,45
2314,78BLHH,5200975,106
2315,78RFMQ,5201418,38
2316,79B9D7,5202420,10
2317,791C6N,5202469,135
2318,78SLNR,5202619,228
2319,78F3K7,5202646,108
2320,78D2LQ,5202811,90
2321,78QBIT,5203201,89
2322,78H7AS,5203223,60
2323,798AKR,5203454,61
2324,78J7PN,5203567,81
2325,796DJD,5203655,2
2326,78NEHI,5203691,62
2327,78DP4B,5203834,3
2328,78FQQF,5204223,133
2329,78Q0TI,5204269,231
2330,78MAGS,5204340,154
2331,78FLOS,5204390,6
2332,78C01O,5204436,64
2333,78O9GP,5204596,27
2334,78CQCJ,5204615,50
2335,78B8B2,5204624,129
2336,78DCC7,5204713,27
2337,790B36,5204770,29
2338,78F1LL,5205057,3
2339,78CK4G,5205188,93
2340,78DO9K,5205270,58
2341,78K9PF,5205403,25
2342,78JSON,5205436,7
2343,79A4M6,5205496,118
2344,78BMAO,5205524,109
2345,78HL61,5206116,39
2346,78CKHB,5206133,66
2347,78M3CJ,5206160,13
2348,797J8D,5206192,146
2349,78Q53I,5206206,7
2350,78CTCE,5206216,101
2351,78GD8J,5206263,48
2352,799QM0,5206289,119
2353,790HEF,5206985,24
2354,78O7R8,5207399,66
2355,78B017,5207903,49
2356,791D8C,5207960,1
2357,78BBNJ,5208543,55
2358,78T10A,5208572,91
2359,79028B,5209456,3
2360,7951HI,5209840,1
2361,78OCOO,5210534,36
2362,78ANEK,5210804,16
2363,7988L3,5210811,16
2364,78J9OL,5210834,312
2365,78CQL5,5210850,41
2366,78BO8O,5210868,87
2367,78ID5S,5210877,14
2368,78HKGD,5211054,11
2369,78B05L,5211102,7
2370,79416L,5211305,200
2371,78L9GJ,5211554,3
2372,78B17P,5211874,47
2373,7977BG,5211966,119
2374,795SA6,5211972,74
2375,79B0J4,5212014,107
2376,78PGTD,5212156,2
2377,78MEJQ,5212182,257
2378,79ADDM,5212248,89
2379,78FMFM,5212475,70
2380,794928,5212626,70
2381,78GFBE,5212631,53
2382,799JA4,5212684,5
2383,78D1TP,5212708,61
2384,798GHG,5213337,18
2385,78IH7K,5213341,124
2386,78RR0A,5213377,205
2387,794928,5213425,65
2388,78NAMN,5213646,32
2389,78OJMS,5213677,44
2390,78MR5N,5214903,128
2391,78G4IB,5214953,15
2392,78NK0A,5215556,12
2393,78TR87,5216259,87
2394,78COK7,5217312,89
2395,78JDPK,5217382,31
2396,78QHO3,5217465,20
2397,78F3K7,5217632,66
2398,78C01O,5217691,183
2399,78KRSJ,5217975,37
2400,78BDCC,5218127,23
2401,790JP6,5218158,6
2402,78BJBF,5218407,56
2403,78C7NN,5218774,109
2404,799Q5B,5219121,14
2405,78F5ER,5219142,132
2406,78BKES,5219143,58
2407,78PMH0,5219573,1
2408,78BQRE,5219684,4
2409,78KL5S,5219811,28
2410,78DMHS,5219823,41
2411,790PP0,5219843,60
2412,78L77R,5219846,121
2413,78B5IS,5219854,80
2414,78OR34,5219893,30
2415,78J58S,5219896,2
2416,78KE6J,5219897,24
2417,78A695,5219901,48
2418,78C01O,5219909,86
2419,78JI89,5219932,90
2420,78GIMT,5220022,29
2421,7962S5,5220164,103
2422,78BP3S,5220398,18
2423,7968TR,5220405,1
2424,78IB38,5220621,32
2425,78TFKO,5221083,261
2426,78AQQC,5221152,18
2427,78LTCB,5221432,21
2428,78B5IS,5224535,22
2429,78CH9B,5224595,98
2430,78QRT4,5224799,61
2431,78QD92,5225058,156
2432,78CH1A,5225227,30
2433,78AHID,5225299,2
2434,7912AJ,5225384,342
2435,78RA7G,5225414,211
2436,78C78F,5225579,10
2437,790ICL,5226134,34
2438,78Q5PK,5226218,1
2439,78RGQ3,5226268,30
2440,78LABA,5226360,174
2441,799K13,5226367,92
2442,78GTJS,5226457,1
2443,78CLBC,5226534,203
2444,798098,5226694,130
2445,78A85T,5226722,7
2446,78MNFQ,5226726,187
2447,78ALB8,5226786,91
2448,78SHEJ,5226790,1
2449,794658,5226796,51
2450,78COP2,5226849,56
2451,78C24I,5226907,87
2452,79B85M,5227169,13
2453,78M7H7,5227310,10
2454,796GRF,5227369,49
2455,797EBG,5227428,53
2456,78C2P6,5227489,51
2457,78JCIN,5227760,53
2458,78CEB5,5228005,49
2459,78GAK8,5228217,193
2460,78GH9L,5228266,197
2461,7915MS,5228332,3
2462,78GAGI,5228379,110
2463,78J8DM,5229386,13
2464,78FLKT,5229395,20
2465,78C1B3,5229400,17
2466,78CT58,5230208,96
2467,78B5JR,5230512,3
2468,78PFMG,5230954,14
2469,78JFT3,5231863,38
2470,78TG7F,5231905,171
2471,78CRK6,5231912,3
2472,78A76B,5233854,71
2473,78H7G1,5236416,88
2474,78G6OL,5237322,40
2475,78F5HH,5237534,82
2476,7920PE,5238663,31
2477,78FAM0,5239253,9
2478,78GOSP,5239391,22
2479,792KQG,5239462,39
2480,790NQC,5239592,99
2481,794LLF,5239618,2
2482,78EQM5,5239873,260
2483,78F966,5239971,103
2484,796RT8,5240139,18
2485,78KC87,5241743,2
2486,78C7NN,5242099,9
2487,78DPH5,5244767,24
2488,78EFTR,5244851,292
2489,78RHAK,5245211,182
2490,78G5RO,5245363,1
2491,78F903,5245536,158
2492,78PKFF,5246837,2
2493,78K7B9,5247203,3
2494,79625I,5247802,100
2495,78GFPK,5247866,45
2496,78B2E1,5247914,16
2497,78PHEA,5248009,5
2498,78LH60,5248041,111
2499,78BD48,5248216,24
2500,7915OT,5248346,149
2501,78FJQ6,5248382,100
2502,78SA6T,5248461,18
2503,78GGKF,5248796,21
2504,78FHEN,5248798,33
2505,78GFM6,5248853,33
2506,78SIOD,5248864,66
2507,799GOJ,5248886,105
2508,78BNQO,5248892,71
2509,798B7D,5248896,12
2510,78TB90,5249115,1
2511,78D0CR,5249447,53
2512,78D2I0,5249464,189
2513,78A9A2,5249531,252
2514,78CJRE,5249560,259
2515,790IH1,5249585,57
2516,78L546,5249631,180
2517,78LF7C,5249943,1
2518,78COS2,5249965,65
2519,7924GL,5249989,69
2520,78BLRR,5250030,425
2521,78CH9B,5250079,173
2522,78EJKE,5250124,15
2523,78FQ8L,5250178,100
2524,78CINN,5250332,20
2525,78HP07,5250341,141
2526,78BELF,5250387,15
2527,78GCJE,5250420,40
2528,78F04C,5250472,256
2529,796DS3,5250661,62
2530,78CRT0,5251049,70
2531,78EGO9,5251178,69
2532,78D184,5251219,5
2533,78DCL9,5251522,7
2534,78CGJ6,5251626,24
2535,790NE3,5251643,1
2536,78H9KS,5252376,62
2537,78E309,5252394,104
2538,78CJRE,5252585,185
2539,78R4SJ,5252600,27
2540,78K5C1,5252919,58
2541,78D56M,5254374,133
2542,799I40,5254427,34
2543,79933B,5254477,162
2544,78RL7D,5254568,89
2545,792J1J,5254892,43
2546,7915A2,5254990,1
2547,78K947,5255185,53
2548,78HA09,5255321,71
2549,78ACTG,5255324,312
2550,78PLPC,5255328,153
2551,78CT58,5255389,120
2552,78QGAI,5255426,112
2553,78BL1O,5255479,248
2554,78I198,5255562,65
2555,78OJSS,5255600,39
2556,78LESO,5255679,127
2557,78FOSF,5255916,45
2558,78CLL3,5255932,224
2559,78HI1D,5255956,53
2560,78MKEE,5256215,88
2561,78C443,5256251,75
2562,78QKLB,5256255,48
2563,78LODO,5256348,10
2564,78ASE1,5256384,231
2565,7979HK,5256496,102
2566,78BHQB,5256637,82
2567,78PMN6,5256793,98
2568,78NCHP,5256879,2
2569,78LL3K,5256940,66
2570,78ALB8,5256960,52
2571,78J42R,5257385,89
2572,78PHJD,5257432,176
2573,78EL8I,5257598,124
2574,78E3F1,5257861,51
2575,78FLHB,5257943,1
2576,78FH1A,5257974,11
2577,78GTFP,5258211,208
2578,78LBBK,5258650,115
2579,799MHC,5260426,8
2580,78G5PA,5261768,108
2581,78PAL4,5262415,125
2582,78GENQ,5262474,156
2583,78IN0I,5262626,3
2584,78ENR4,5262720,56
2585,78DIN9,5263080,24
2586,78M02B,5263235,9
2587,78QO9I,5264033,93
2588,78FFD4,5264040,304
2589,78COA2,5264240,86
2590,78MHQD,5264376,216
2591,78RN5P,5264442,78
2592,78LILB,5264496,4
2593,78OSQF,5264526,225
2594,78C061,5264597,147
2595,78B4CB,5264739,133
2596,78Q51T,5265055,4
2597,78BMJS,5265138,296
2598,797GON,5265421,44
2599,78DJF9,5265446,218
2600,78KTKL,5265447,70
2601,78DL7P,5265493,40
2602,78A604,5265495,116
2603,78H5OI,5265927,81
2604,78C3SH,5265992,46
2605,78KM33,5266018,62
2606,78LH9T,5266108,59
2607,78J028,5266172,25
2608,78FB8P,5266272,69
2609,78QEBN,5266354,151
2610,78LE3S,5270397,284
2611,78PJ9I,5270410,99
2612,793NHK,5270676,79
2613,78BAOS,5270734,21
2614,78BS0A,5270894,146
2615,798MMH,5271207,53
2616,78I8LK,5271509,58
2617,78GLIR,5271687,133
2618,78OSMH,5271768,138
2619,78D89R,5271863,68
2620,78CI87,5272224,58
2621,78IO11,5272393,85
2622,78AB09,5272414,39
2623,78E59S,5272555,75
2624,796HMN,5272566,29
2625,78M051,5272682,142
2626,797BT4,5273026,2
2627,78ALB8,5273061,173
2628,78QF24,5273096,166
2629,78TMR6,5273180,186
2630,78Sep4,5273325,18
2631,78MSPT,5273458,56
2632,791LAP,5273459,126
2633,798FLJ,5273682,27
2634,78I5NS,5274023,26
2635,79AN9D,5274185,48
2636,78KKKH,5274896,14
2637,78R6D4,5275005,28
2638,78CQS8,5275594,221
2639,7901FQ,5276036,136
2640,78CQ2M,5276173,232
2641,78BO6I,5277578,108
2642,78CFR7,5280558,118
2643,78BHFO,5280589,14
2644,7948ER,5285685,98
2645,78BMJS,5285826,295
2646,78HB4A,5285833,13
2647,78P3M4,5285902,155
2648,78FQ3T,5286057,127
2649,78P2LT,5286121,18
2650,78TSBB,5286388,279
2651,78J0M8,5286474,4
2652,78CDRF,5286475,77
2653,78F8N3,5286519,30
2654,794KT1,5286607,7
2655,78ITBL,5286608,6
2656,78PF3O,5286640,46
2657,78G80N,5286793,12
2658,798PDG,5286799,40
2659,7974DH,5286887,171
2660,78A77P,5286942,14
2661,78CJF7,5286978,167
2662,78BKEN,5287180,27
2663,79AQDE,5287238,1
2664,78TIDA,5287268,50
2665,78EOEL,5287308,21
2666,78QE51,5287650,79
2667,78KKJP,5287719,11
2668,78G6LQ,5288212,65
2669,78F7PH,5288312,8
2670,78MC65,5288367,86
2671,78MBLD,5288834,112
2672,78O66F,5289038,150
2673,78GPJK,5289067,50
2674,78CJRE,5289364,475
2675,78DMGB,5289482,27
2676,78CM1F,5289561,361
2677,78CQ2M,5289574,181
2678,78ES8N,5289626,23
2679,78O5I1,5289702,1
2680,79A9H6,5289711,38
2681,78ONDP,5289967,254
2682,791HIQ,5289981,25
2683,78A6O2,5290055,7
2684,78E3HP,5291593,30
2685,78D9HT,5291911,51
2686,78BHEA,5293143,152
2687,7904NS,5293470,20
2688,78Q0S1,5294513,224
2689,7915OT,5294547,64
2690,78ARAL,5294669,17
2691,78D15A,5294803,216
2692,78APMN,5294837,5
2693,78TR87,5294962,80
2694,78ETGT,5295024,73
2695,78E7JR,5295034,57
2696,78D4K2,5295088,13
2697,798DC9,5295158,94
2698,78CQ2M,5295219,98
2699,78EM2M,5295327,57
2700,78K9PF,5295458,2
2701,78CM61,5295742,96
2702,78P774,5295754,339
2703,78FOKA,5295810,62
2704,78FSD3,5295836,126
2705,78BI4I,5295948,149
2706,78H0O0,5296171,12
2707,78ETGA,5296340,4
2708,798L0H,5296437,24
2709,78M2G5,5296470,81
2710,78OAEA,5296471,102
2711,78D62B,5296473,35
2712,78IJQO,5296506,36
2713,78M7TD,5296585,213
2714,79AHOT,5296598,9
2715,798HJQ,5296602,15
2716,78C5DH,5296605,72
2717,78L81T,5296776,141
2718,78C319,5296800,14
2719,78LM4B,5296806,1
2720,78HCAC,5296815,27
2721,78G1S1,5296824,97
2722,78AJ0S,5296903,102
2723,78DSQ3,5296961,1
2724,78S85Q,5297055,15
2725,78CCLI,5297310,130
2726,797IQI,5297335,73
2727,78OJMS,5297412,43
2728,78GFM6,5297427,16
2729,78BOL4,5297495,102
2730,79A4BN,5297500,1
2731,78MQ7P,5297733,133
2732,78Q7TE,5297921,151
2733,78CCS1,5298095,129
2734,794O0R,5301233,3
2735,78DS0C,5301387,37
2736,78N34B,5301623,8
2737,798FDF,5302078,19
2738,78J53A,5302110,44
2739,78GA9G,5302142,69
2740,78CM1F,5302183,474
2741,78B4C7,5302294,23
2742,792Q7N,5302416,2
2743,78PHR9,5302420,174
2744,78CJRE,5302455,137
2745,7998HF,5302481,31
2746,78FN13,5302516,18
2747,78QROF,5302685,5
2748,78N6HC,5302760,10
2749,78ITDQ,5302762,30
2750,78KTKL,5302790,267
2751,78C365,5302995,24
2752,78MJ0H,5303101,44
2753,78QQ71,5303130,12
2754,78A604,5303157,293
2755,78CL2J,5303234,2
2756,78A76F,5303372,100
2757,78GGA5,5303604,23
2758,78BLC5,5303683,12
2759,78MI7H,5303691,98
2760,7914BC,5303740,11
2761,796LJ3,5303746,33
2762,796RQC,5303987,116
2763,78FIGM,5304003,33
2764,78GIA7,5304013,4
2765,78CSOG,5304149,100
2766,78KKMR,5304161,19
2767,799R5L,5304330,19
2768,791P7Q,5304619,63
2769,78AIDD,5304683,101
2770,78L4HS,5304718,78
2771,78G5PA,5304780,67
2772,78RA7G,5305045,99
2773,79AM9A,5305051,1
2774,793OBH,5305072,59
2775,78R5CO,5305086,38
2776,78SIMQ,5305088,192
2777,78R1ID,5305117,3
2778,78F3IN,5305118,5
2779,78D64C,5305152,44
2780,78FMBS,5305674,3
2781,78HO1P,5306125,132
2782,78GG95,5308363,19
2783,78GDQK,5308944,2
2784,78OBS0,5309101,18
2785,78AAOR,5309104,109
2786,78A9K6,5309242,317
2787,78CJRE,5309384,357
2788,78A8EI,5309730,54
2789,78CAJQ,5310158,34
2790,78CLBC,5310359,64
2791,78RKRQ,5310443,102
2792,78I69I,5310502,107
2793,78C365,5310519,81
2794,78QO07,5310862,6
2795,795366,5310941,56
2796,78G935,5310952,116
2797,78RFDL,5310984,28
2798,78D34H,5310994,17
2799,78OSOQ,5310997,110
2800,78QCST,5311001,225
2801,78B3SO,5311003,66
2802,78E2F6,5311075,653
2803,78BMJA,5311176,22
2804,78NH4Q,5311253,24
2805,78NL76,5311278,13
2806,78OAEA,5311290,118
2807,78GFM6,5311808,158
2808,78RHCQ,5312004,10
2809,7989C9,5312059,42
2810,78RNR2,5312094,120
2811,78ARS6,5312109,32
2812,78IB38,5312134,155
2813,792M22,5312492,24
2814,78MNFQ,5312574,145
2815,7901AN,5312625,48
2816,78D4K2,5313093,57
2817,78P93N,5315004,100
2818,78F8TK,5316186,159
2819,7970JT,5316614,73
2820,78BJTS,5316680,110
2821,78B97S,5316930,8
2822,78E0DK,5316933,6
2823,799QN2,5316975,300
2824,78BSLF,5317096,109
2825,79899G,5317195,3
2826,78MRT5,5317240,96
2827,799KN4,5317375,143
2828,78QC8J,5317450,82
2829,791IJ1,5317456,131
2830,78FNCM,5317465,183
2831,78LL02,5317468,132
2832,78F2SH,5317507,43
2833,78F90A,5317602,29
2834,78CJ4P,5317671,15
2835,78NHH5,5317704,57
2836,78FJH1,5318161,13
2837,78LOPL,5318180,12
2838,78BD9N,5318376,1
2839,78ARAL,5318395,85
2840,78FLD7,5318396,55
2841,78FRS2,5318399,198
2842,78MESE,5318402,74
2843,78CH9B,5318423,87
2844,78NLM1,5318498,39
2845,79A4DE,5318550,82
2846,78NFFJ,5318558,4
2847,78O7AA,5318723,15
2848,78BAR3,5318865,10
2849,799S8M,5318877,127
2850,794658,5318906,253
2851,78MQQ9,5319005,250
2852,78S44D,5319237,191
2853,78PDDR,5319254,39
2854,78IL83,5319312,26
2855,797D5M,5319326,26
2856,78F0JA,5319424,86
2857,78F08O,5319635,228
2858,796B4R,5319719,30
2859,78GMO3,5319829,130
2860,78I2D1,5319842,176
2861,7917F3,5320299,58
2862,78TEJJ,5323373,2
2863,78OCFN,5323813,167
2864,78R21P,5323821,18
2865,798PMN,5323842,19
2866,78C7NN,5323904,128
2867,78G2P2,5323965,90
2868,78D7FM,5324300,123
2869,78DP90,5324317,26
2870,78SO3B,5324367,13
2871,798P3P,5324405,10
2872,78RA7A,5324522,191
2873,78PGCB,5324525,70
2874,78TNHO,5324527,30
2875,78FBB2,5324537,10
2876,78RCA9,5324633,138
2877,78FP4B,5324858,32
2878,796NJ6,5325002,71
2879,78BL1O,5325020,32
2880,78M051,5325055,43
2881,79B0J4,5325056,82
2882,78BKES,5325100,123
2883,78RTIA,5325123,30
2884,790MCN,5325133,106
2885,799QLJ,5325152,220
2886,790BBM,5325193,10
2887,78A9A2,5325471,97
2888,790MBO,5325592,12
2889,78C6TC,5325603,1
2890,78G1S1,5325641,55
2891,78C983,5325707,44
2892,78LAKO,5326434,2
2893,78EKA8,5326464,122
2894,78H182,5326516,112
2895,78M2PQ,5326523,52
2896,78LOEK,5326541,4
2897,795EQO,5326658,2
2898,78PF3O,5327093,132
2899,78TPA1,5327161,74
2900,78ASE1,5327331,70
2901,78JEE1,5327495,89
2902,78CH9B,5327808,241
2903,79ACHD,5328213,32
2904,78C3SH,5329133,41
2905,78EN1K,5329150,18
2906,78D89R,5329329,71
2907,78MDKK,5330863,109
2908,799S55,5331077,114
2909,78CFAG,5331644,63
2910,78IAKM,5331645,1
2911,78IRE0,5331692,159
2912,78L43L,5331762,3
2913,78GJF6,5331953,36
2914,791CHS,5332096,104
2915,790BN6,5332146,24
2916,78PHK0,5332149,119
2917,78CH4N,5332151,40
2918,78GFM6,5332163,272
2919,78A5D3,5332197,176
2920,799GOJ,5332254,17
2921,795CE2,5332275,8
2922,78EJCG,5332342,9
2923,78CHLF,5332405,2
2924,799C7P,5332449,14
2925,78JP25,5332470,49
2926,78LGKG,5332522,75
2927,78KID4,5332597,170
2928,78LPCC,5332856,18
2929,78NMS1,5332908,669
2930,78PJ58,5332914,63
2931,78T496,5332937,46
2932,799BL9,5332959,7
2933,78CJ0L,5333000,3
2934,78EQN6,5333002,276
2935,78HEPS,5333045,4
2936,798JL8,5333144,115
2937,78BHEA,5333150,233
2938,78CCP2,5333274,114
2939,790H6C,5333378,31
2940,78QO9I,5333448,50
2941,78BKI8,5333568,7
2942,794M2A,5333570,7
2943,78KH0I,5333721,155
2944,7980D2,5333905,175
2945,797LO4,5333912,9
2946,78CMQJ,5333945,250
2947,796SAQ,5334077,208
2948,78CH9B,5334090,41
2949,78C6J0,5334091,28
2950,78RJ00,5334092,91
2951,792HED,5334103,21
2952,78TSRC,5334162,206
2953,78BBCI,5334236,6
2954,78T4HR,5334702,2
2955,795M7O,5334873,6
2956,799K72,5338203,84
2957,7963L8,5338870,90
2958,78R7H4,5338953,2
2959,78BLHH,5339129,231
2960,78DNB6,5339190,34
2961,799OI7,5339195,20
2962,78E2N1,5339209,6
2963,78NDJ8,5339226,4
2964,78DL7P,5339230,95
2965,78JTCI,5339448,50
2966,78FP25,5339790,7
2967,79491J,5339851,15
2968,78IISJ,5339878,7
2969,78D63S,5340221,8
2970,78C70H,5340237,219
2971,78FAG6,5340249,39
2972,78QJS6,5340445,8
2973,78ES8N,5340520,91
2974,78SLJA,5340814,49
2975,78JSEA,5341174,20
2976,78GRJS,5341175,232
2977,78CP03,5341186,45
2978,78EM9B,5341210,15
2979,78OGRT,5343369,113
2980,78BI4I,5345600,98
2981,78N1F8,5346014,185
2982,78ASPR,5346029,3
2983,78NAMN,5346148,340
2984,78LT9B,5346201,17
2985,78QFSE,5346278,72
2986,78BHQA,5346345,1
2987,78ER13,5346353,159
2988,78LD7C,5346359,16
2989,799HTH,5346362,179
2990,78L81T,5346380,55
2991,78H2HB,5346381,35
2992,78D251,5346792,75
2993,78CARM,5346806,2
2994,78HIM9,5346813,1
2995,78T4SQ,5346839,169
2996,798OML,5346880,23
2997,78DNHB,5346917,60
2998,78E9HA,5347050,57
2999,794BGQ,5347073,162
3000,78JLLK,5347209,49
3001,7986GJ,5347366,202
3002,78EGEJ,5347429,30
3003,78BCPP,5347462,68
3004,78K4RC,5347552,48
3005,78ORFC,5347575,2
3006,78LRMB,5347595,102
3007,78BP6M,5347610,29
3008,78MQFS,5347647,98
3009,799T90,5347771,31
3010,78S7PK,5347884,93
3011,78K4HD,5348096,62
3012,78EIH5,5348109,36
3013,78AIKS,5348158,137
3014,799QLJ,5348233,163
3015,78Q856,5348292,155
3016,78INTP,5348402,54
3017,78T7BT,5348427,267
3018,78LL02,5348572,155
3019,798CIL,5348574,45
3020,78QN1S,5348618,116
3021,78KPGN,5348657,75
3022,78C002,5348716,153
3023,796EFG,5348756,288
3024,78B3SO,5348826,197
3025,78C0M4,5348863,1
3026,78BBIP,5348947,12
3027,78R6SM,5348951,12
3028,7937H2,5350817,142
3029,78J91H,5352096,132
3030,795446,5352672,6
3031,79A4M6,5352796,53
3032,7959EQ,5352797,31
3033,78C3O1,5352833,37
3034,791D2G,5352897,149
3035,78DQM0,5352906,525
3036,78PNAL,5352910,8
3037,7934S9,5352912,29
3038,78I32I,5353383,2
3039,7953QD,5353434,2
3040,78JI0B,5353449,55
3041,78ASE1,5353917,118
3042,78IKTT,5353940,3
3043,799PTL,5354034,107
3044,78E30J,5354106,53
3045,78COS2,5354133,127
3046,78A598,5354168,90
3047,78LBQN,5354277,58
3048,78BGOQ,5354383,17
3049,78RD6L,5354510,26
3050,7982LD,5354521,103
3051,78CM5D,5354553,116
3052,7963CG,5354559,71
3053,78K1L4,5354572,311
3054,78TQLB,5354588,64
3055,78BICG,5354597,95
3056,78O6MN,5354603,86
3057,790ASA,5354617,90
3058,799FMB,5354626,14
3059,78FJIH,5354632,150
3060,78G935,5354650,163
3061,793HJ6,5354651,5
3062,794423,5354672,109
3063,78TQ0J,5354749,3
3064,78ELI8,5354936,56
3065,78QEBN,5355063,25
3066,78KRAM,5355071,12
3067,78EKLT,5355121,81
3068,78B7IN,5355288,31
3069,78OA80,5355294,295
3070,7909J3,5355391,22
3071,794DA7,5355430,168
3072,78TTFF,5355449,70
3073,78PO1T,5355491,154
3074,799P54,5355529,59
3075,78STM1,5355559,41
3076,78FF3D,5355571,12
3077,78BP75,5355952,3
3078,78BLC5,5356133,10
3079,78FP4B,5356159,141
3080,78CAKD,5356164,71
3081,791Q4D,5356175,53
3082,78B5FR,5357051,76
3083,791D4D,5357548,31
3084,78FGQF,5357726,214
3085,78C3SH,5357817,63
3086,78BAB2,5358404,17
3087,78ES8N,5358553,190
3088,7974O6,5358698,1
3089,7920PE,5358979,19
3090,78MHI2,5359667,75
3091,78CM1F,5359727,23
3092,791ELC,5359844,98
3093,798AEC,5359891,81
3094,78OINF,5359946,130
3095,794EFB,5359947,115
3096,78COK3,5359958,72
3097,78TRLT,5360251,107
3098,78B017,5360289,277
3099,78B3SO,5360321,149
3100,78JEJD,5360329,6
3101,78CA2T,5360366,1
3102,798C9T,5360441,49
3103,78SSA0,5360532,9
3104,78DFBS,5360541,3
3105,78CP26,5360551,40
3106,78FBD7,5360554,5
3107,78R7BH,5360574,39
3108,78ARP0,5360601,284
3109,78G5P6,5360654,3
3110,78G689,5360766,50
3111,78PCJ3,5360931,1
3112,78N8JT,5361016,1
3113,78CGJ6,5361023,233
3114,78CL0P,5361031,101
3115,78C5IH,5361053,68
3116,78GF83,5361067,30
3117,78P6PO,5361080,2
3118,78C7NN,5361234,44
3119,78SH4R,5361421,34
3120,78S77G,5361443,71
3121,78CH4L,5361468,33
3122,78LEDS,5361472,17
3123,78FBD4,5361511,284
3124,78PCRI,5361513,32
3125,78FKJQ,5361523,116
3126,78GAK8,5361534,108
3127,78OC17,5361666,51
3128,78OEH6,5361705,5
3129,798DB9,5361769,26
3130,79724P,5361820,6
3131,78GSSM,5361835,15
3132,78C3SH,5361875,175
3133,793K9K,5361881,85
3134,79239N,5362254,116
3135,78TMTE,5362291,12
3136,78MQML,5362305,13
3137,78OCRG,5362310,12
3138,78POJP,5362324,59
3139,7909B2,5362325,25
3140,78CLJ1,5362328,2
3141,78DDRQ,5362332,493
3142,79AGMG,5362334,85
3143,78CFFS,5362388,146
3144,79AMB1,5362731,26
3145,797F8K,5363152,163
3146,78RHT3,5363414,11
3147,78GK3K,5363499,47
3148,78S4IL,5363655,101
3149,78D1I2,5364132,96
3150,78CMQJ,5364223,142
3151,7952QO,5364753,1
3152,78ITD7,5365337,28
3153,78PIMA,5365566,3
3154,78RHAK,5365784,131
3155,78FL72,5366284,70
3156,78J028,5366434,72
3157,78BISS,5366544,10
3158,796HG0,5366589,24
3159,79B9OQ,5366602,321
3160,78AA9S,5366616,217
3161,78G268,5366752,15
3162,7904AL,5367202,17
3163,78B2AG,5367355,10
3164,78OGRT,5367397,201
3165,799CHQ,5367468,78
3166,78FABD,5367779,43
3167,7997J1,5367780,20
3168,78J26R,5367819,1
3169,78BO67,5367848,17
3170,78A9K6,5367878,307
3171,78DBPI,5367916,34
3172,78QSOL,5367923,129
3173,78GA8H,5368029,85
3174,78O66F,5368087,102
3175,78GAK8,5368278,190
3176,78DCL9,5368290,92
3177,791IAJ,5368319,17
3178,78BL1O,5368344,275
3179,790B4F,5368352,44
3180,78LBGI,5368360,1
3181,790HEF,5368427,44
3182,799CHG,5368679,59
3183,78MEH8,5368718,16
3184,78ODJS,5368752,2
3185,791L0D,5368808,47
3186,78IRRT,5368958,16
3187,78J55L,5369065,8
3188,78B39H,5369075,19
3189,78T4GP,5369081,216
3190,78OO65,5369098,305
3191,78QGKC,5369108,14
3192,78MDKK,5369334,16
3193,78J9SO,5369490,2
3194,78CQL9,5369702,26
3195,79AIN3,5370107,48
3196,78BG5C,5371150,7
3197,796B5S,5371186,4
3198,78FGQF,5372865,382
3199,7997GC,5373102,89
3200,790OH9,5373224,141
3201,78AAMT,5373294,4
3202,791P7Q,5373325,212
3203,78LNM3,5373364,3
3204,78RGQ3,5373431,103
3205,78Q8GG,5373515,95
3206,78BDDM,5373517,33
3207,78MQQ9,5373542,21
3208,78F08O,5373555,25
3209,78ECHS,5373585,136
3210,797EF1,5373614,136
3211,78I0D5,5373787,34
3212,78DFCP,5374025,88
3213,78C9IE,5374047,11
3214,78TCEP,5374060,25
3215,78CSMQ,5374110,318
3216,799S7J,5374112,1
3217,78D4K2,5374141,191
3218,78FNTK,5374170,129
3219,78F757,5374235,122
3220,78LO8A,5374353,37
3221,78D4M6,5374380,33
3222,78BG4I,5374398,32
3223,79003I,5374413,65
3224,78A76B,5374557,121
3225,78IJOQ,5374730,1
3226,78DLIB,5374734,130
3227,7903S4,5374736,64
3228,78GA9T,5374817,76
3229,78PCSA,5374849,73
3230,790L0O,5375135,44
3231,78QNON,5375330,23
3232,7915OT,5375397,151
3233,78IN95,5375761,13
3234,78OJ65,5375830,31
3235,78GB8Q,5376011,10
3236,78MOIJ,5378355,71
3237,7978KI,5378395,71
3238,78FO1B,5380528,3
3239,78B0NA,5380575,3
3240,78S9RL,5380760,35
3241,78QR6C,5381113,114
3242,78CD2T,5381165,97
3243,78OKL4,5381254,78
3244,78F0SH,5381282,83
3245,78DM5F,5381338,6
3246,78QFJ6,5381347,13
3247,78MARA,5381663,1
3248,78R7DD,5381739,167
3249,78CR5N,5381846,85
3250,79088B,5381928,57
3251,78NEHI,5381935,193
3252,7905CB,5382023,29
3253,78MDKK,5382185,117
3254,78RKDN,5382753,79
3255,78OLM0,5382990,100
3256,78ME2L,5383040,54
3257,78TJRO,5383214,40
3258,78DAS7,5383323,81
3259,78DA46,5383385,6
3260,7915DT,5383391,52
3261,78TRTT,5383415,28
3262,78GK81,5383418,60
3263,78QO9I,5383432,61
3264,78S8S1,5383435,178
3265,78D1I2,5383463,287
3266,7970LR,5384160,34
3267,78JGTB,5385040,132
3268,796B4R,5385546,101
3269,79A921,5386794,1
3270,78BTIL,5386980,57
3271,78OKKD,5387445,55
3272,78MDM8,5387467,69
3273,78PFQP,5387537,3
3274,790L0O,5387569,34
3275,78ATAM,5387680,12
3276,78T495,5387842,187
3277,78PQG9,5387848,11
3278,78T46T,5387862,131
3279,78TRG6,5387865,104
3280,78OGRT,5388173,10
3281,797LDP,5388303,180
3282,78A6K9,5388518,7
3283,78R54B,5388627,2
3284,78BBEB,5388708,212
3285,78O8KB,5388711,162
3286,798KQC,5388717,27
3287,78JEC6,5388919,138
3288,78II0A,5389047,132
3289,793NC1,5389204,125
3290,78QO07,5389309,67
3291,7990PJ,5389387,47
3292,792M22,5389673,81
3293,78R2AR,5389748,142
3294,78BHNE,5390040,145
3295,78SNEB,5390424,1
3296,78NE2R,5390548,109
3297,78LBBK,5391862,67
3298,7902HI,5394137,31
3299,79BATE,5394298,17
3300,78KK2G,5394614,13
3301,78MRT5,5394706,94
3302,78QRLI,5394838,271
3303,796EPD,5394986,51
3304,78G1S1,5395014,117
3305,790D1D,5395083,159
3306,78BQ1K,5395184,2
3307,78HJL0,5395190,164
3308,7959N4,5395210,68
3309,78NIT3,5395221,169
3310,78KLLS,5395225,130
3311,78OKN7,5395238,73
3312,78TCJF,5395257,102
3313,78E6SO,5395367,32
3314,78FQ3T,5395399,489
3315,78SLJA,5395400,19
3316,78O66F,5395735,179
3317,78R33J,5395744,118
3318,78LD5E,5395778,35
3319,78FNCM,5395841,8
3320,78M4P3,5395899,91
3321,78TK6A,5396058,102
3322,790EQP,5396076,28
3323,798KFQ,5396245,9
3324,78NIT3,5396280,31
3325,78FAM1,5396299,98
3326,78J91H,5396318,101
3327,78NE2R,5396363,85
3328,78TGFT,5396394,147
3329,78RJEK,5396407,84
3330,78ESF9,5396443,78
3331,78TH75,5396493,28
3332,78S9RL,5396502,196
3333,78L4HS,5396523,34
3334,78DBPI,5396809,103
3335,78IP47,5396817,121
3336,78II0A,5396999,223
3337,78R655,5397002,268
3338,78PERK,5397054,91
3339,78IOQI,5397186,182
3340,78FGQF,5397221,76
3341,78DR7D,5397309,57
3342,7978LS,5397342,47
3343,799K9A,5397354,7
3344,78R02Q,5397362,140
3345,78K4LM,5398076,170
3346,796PCC,5399293,69
3347,78MTEK,5399982,38
3348,793S8B,5400286,135
3349,78GA9T,5401593,64
3350,78KN6L,5402110,51
3351,78PERK,5402167,147
3352,78LE47,5402387,10
3353,791A2A,5402459,87
3354,78QFPL,5402488,150
3355,78LD31,5402506,118
3356,791O22,5402543,60
3357,78L2G0,5402778,2
3358,78R54J,5402849,1
3359,791LD0,5402976,41
3360,78NCO6,5403269,14
3361,78OSOQ,5403686,130
3362,79AMAT,5403740,24
3363,78P28S,5403816,130
3364,78GA8S,5404114,2
3365,7943F7,5404169,223
3366,790E9S,5404174,1
3367,78J64H,5404192,227
3368,78HK7P,5404193,40
3369,78R21P,5404262,174
3370,78MSPT,5404270,100
3371,78O8KB,5404280,168
3372,78J48D,5404301,91
3373,794RES,5404322,28
3374,796TD0,5404434,138
3375,798SH5,5404464,1
3376,78NCQT,5404540,4
3377,78MCAF,5404803,109
3378,78QBDC,5404832,274
3379,793RSD,5404860,47
3380,796I1T,5404864,8
3381,791LP6,5404891,56
3382,790J82,5404904,182
3383,78L6D4,5404933,112
3384,78T8TO,5404941,27
3385,79ADDM,5404962,77
3386,78QID5,5405042,5
3387,78MJNE,5405081,59
3388,78QSP8,5405146,59
3389,78MJ0H,5405172,37
3390,78LRJI,5405478,58
3391,791JFC,5405548,6
3392,78SKO7,5405551,43
3393,78MIF0,5405565,13
3394,78KECI,5405567,2
3395,78Q4N4,5405571,30
3396,78MPC5,5405671,19
3397,790JC4,5405918,17
3398,78MO19,5405937,71
3399,797H4S,5406151,60
3400,798NTO,5406508,32
3401,790LMQ,5407531,42
3402,799DNB,5408557,7
3403,794KCQ,5409403,89
3404,78OGG0,5409918,99
3405,78QGSR,5410319,110
3406,7900AB,5410416,33
3407,7900AB,5410438,114
3408,799K72,5410525,22
3409,7922OB,5410571,108
3410,7992P7,5410635,164
3411,78SPAN,5410647,1
3412,78TIEJ,5410648,13
3413,78NRBI,5410655,187
3414,78TI07,5411105,3
3415,78QDD1,5411200,16
3416,795A9O,5411270,3
3417,78MLT4,5411497,25
3418,793PA8,5411509,20
3419,791LD0,5411514,17
3420,78OB0T,5411518,59
3421,78OPJ5,5411524,7
3422,78TLGQ,5411530,6
3423,792F4S,5411534,20
3424,78MNFQ,5411546,94
3425,78ON83,5411571,120
3426,78MHQD,5411601,5
3427,78TH5D,5411627,20
3428,78N53J,5411987,1
3429,78MHCE,5412014,59
3430,78TR04,5412026,284
3431,796HQH,5412081,42
3432,7991BG,5412094,31
3433,78QIB3,5412139,64
3434,7975P6,5412213,127
3435,793NHK,5412376,214
3436,78O8KB,5412402,164
3437,795BII,5412532,53
3438,791HC3,5412629,26
3439,79AI61,5412639,21
3440,798F5L,5412687,31
3441,795AG8,5412698,1
3442,7978PC,5412726,80
3443,79125B,5412769,94
3444,78TTIE,5412886,165
3445,78RJEK,5413087,199
3446,796RQC,5413131,66
3447,79175L,5413140,12
3448,799GL2,5414981,2
3449,790CEF,5415030,279
3450,78T3TK,5415842,111
3451,7980QR,5416768,117
3452,793NHK,5417523,7
3453,79AFFR,5417584,41
3454,790JA7,5417964,25
3455,7958O0,5418049,56
3456,7996AB,5418268,184
3457,79269C,5418543,3
3458,78T3CA,5418551,56
3459,794KE5,5418636,37
3460,7977BK,5419022,84
3461,78TRG6,5419058,72
3462,78R20M,5419079,58
3463,79097B,5419085,83
3464,79070J,5419099,5
3465,791TNS,5419151,22
3466,798C8D,5419274,13
3467,799BGK,5419971,25
3468,7999D2,5419982,34
3469,790KG1,5420018,30
3470,79AQND,5420042,27
3471,7912KH,5420044,35
3472,7901N9,5420049,65
3473,7936A6,5420058,1
3474,78R6PI,5420063,16
3475,78R9EP,5420076,2
3476,78TKCD,5420084,31
3477,798CH9,5420087,22
3478,79AGGS,5420124,41
3479,796AMK,5420258,4
3480,79832C,5420424,29
3481,791PG9,5420581,1
3482,794RFP,5420621,101
3483,798T2C,5424527,22
3484,7984FQ,5424925,9
3485,795FTF,5425048,46
3486,791K80,5425168,38
3487,7918N7,5425348,45
3488,794315,5425369,8
3489,791F06,5425389,13
3490,798H2Q,5426050,1
3491,791CF1,5426063,4
3492,799D6K,5426067,8
3493,795DI1,5426112,33
3494,791L0E,5426139,23
3495,791IJ1,5426147,20
3496,7953II,5426155,80
3497,7953IH,5426172,83
3498,7.94E+41,5426251,24
3499,79691E,5426523,114
3500,798RJJ,5426689,17
3501,799GNC,5426733,20
3502,795006,5426739,114
3503,795D35,5426762,22
3504,798AKR,5426850,123
3505,79AIN3,5426857,53
3506,7944GD,5427100,8
3507,7988H9,5427134,8
3508,799PKF,5427141,12
3509,7999S2,5427166,39
3510,791O33,5427223,21
3511,79514R,5427251,2
3512,79964J,5428241,20
3513,79552C,5428301,7
3514,79A696,5433339,25
3515,795S0K,5433513,2
3516,796E2I,5433621,10
3517,799NMR,5433842,6
3518,79B5NI,5434014,4
3519,796DM7,5434319,2
3520,796QHO,5434379,39
3521,798R8H,5438810,16
3522,79A0A6,5438905,9
3523,798LO4,5439209,27
3524,799F2F,5439220,15
3525,7994P9,5439478,1
3526,79ABGQ,5439508,32
3527,79A3L5,5440226,12
3528,79B1E9,5440699,5
3529,799BLJ,5441004,3
3530,799BLJ,5441041,1
3531,799IRE,5441043,3
3532,799C8C,5441084,17
3533,799PFD,5441296,4
3534,799NM5,5441518,10
3535,799LD1,5441667,4
3536,799LD1,5441669,4
3537,799ISO,5441700,3
